"1","2012-08-08 10:19:21","Clone SCM","0","org.metricminer.tasks.scm.SCMCloneTaskFactory","2012-08-08 10:19:10","FINISHED","2012-08-08 10:19:03","1"
"2","2012-08-08 10:22:31","Parse SCM logs","1","org.metricminer.tasks.scm.ParseSCMLogTaskFactory","2012-08-08 10:19:30","FINISHED","2012-08-08 10:19:03","1"
"3","2012-08-08 10:22:46","Remove source code directory","2","org.metricminer.tasks.scm.RemoveSourceDirectoryTaskFactory","2012-08-08 10:22:40","FINISHED","2012-08-08 10:19:03","1"
"4","2012-08-08 10:24:05","Calculate all metrics","3","org.metricminer.tasks.metric.CalculateAllMetricsTaskFactory","2012-08-08 10:22:50","FINISHED","2012-08-08 10:19:03","1"
"5","2012-08-08 10:25:19","Clone SCM","0","org.metricminer.tasks.scm.SCMCloneTaskFactory","2012-08-08 10:24:10","FINISHED","2012-08-08 10:19:05","2"
"6","2012-08-08 10:31:01","Parse SCM logs","1","org.metricminer.tasks.scm.ParseSCMLogTaskFactory","2012-08-08 10:25:20","FINISHED","2012-08-08 10:19:05","2"
"7","2012-08-08 10:31:16","Remove source code directory","2","org.metricminer.tasks.scm.RemoveSourceDirectoryTaskFactory","2012-08-08 10:31:10","FINISHED","2012-08-08 10:19:05","2"
"8","2012-08-08 10:53:24","Calculate all metrics","3","org.metricminer.tasks.metric.CalculateAllMetricsTaskFactory","2012-08-08 10:31:20","FINISHED","2012-08-08 10:19:05","2"
"9","2012-08-08 10:54:15","Clone SCM","0","org.metricminer.tasks.scm.SCMCloneTaskFactory","2012-08-08 10:53:30","FINISHED","2012-08-08 10:19:07","3"
"10","2012-08-08 10:59:11","Parse SCM logs","1","org.metricminer.tasks.scm.ParseSCMLogTaskFactory","2012-08-08 10:54:20","FINISHED","2012-08-08 10:19:07","3"
"11","2012-08-08 10:59:20","Remove source code directory","2","org.metricminer.tasks.scm.RemoveSourceDirectoryTaskFactory","2012-08-08 10:59:20","FINISHED","2012-08-08 10:19:07","3"
"12","2012-08-08 11:00:02","Calculate all metrics","3","org.metricminer.tasks.metric.CalculateAllMetricsTaskFactory","2012-08-08 10:59:30","FINISHED","2012-08-08 10:19:07","3"
"13","2012-08-08 11:00:38","Clone SCM","0","org.metricminer.tasks.scm.SCMCloneTaskFactory","2012-08-08 11:00:10","FINISHED","2012-08-08 10:19:10","4"
"14","2012-08-08 11:01:53","Parse SCM logs","1","org.metricminer.tasks.scm.ParseSCMLogTaskFactory","2012-08-08 11:00:40","FINISHED","2012-08-08 10:19:10","4"
"15","2012-08-08 11:02:00","Remove source code directory","2","org.metricminer.tasks.scm.RemoveSourceDirectoryTaskFactory","2012-08-08 11:02:00","FINISHED","2012-08-08 10:19:10","4"
"16","2012-08-08 11:02:54","Calculate all metrics","3","org.metricminer.tasks.metric.CalculateAllMetricsTaskFactory","2012-08-08 11:02:10","FINISHED","2012-08-08 10:19:10","4"
"17","2012-08-08 11:07:40","Clone SCM","0","org.metricminer.tasks.scm.SCMCloneTaskFactory","2012-08-08 11:03:00","FINISHED","2012-08-08 10:19:12","5"
"18","2012-08-08 11:20:57","Parse SCM logs","1","org.metricminer.tasks.scm.ParseSCMLogTaskFactory","2012-08-08 11:07:50","FINISHED","2012-08-08 10:19:12","5"
"19","2012-08-08 11:21:00","Remove source code directory","2","org.metricminer.tasks.scm.RemoveSourceDirectoryTaskFactory","2012-08-08 11:21:00","FINISHED","2012-08-08 10:19:12","5"
"20","2012-08-08 11:24:32","Calculate all metrics","3","org.metricminer.tasks.metric.CalculateAllMetricsTaskFactory","2012-08-08 11:21:10","FINISHED","2012-08-08 10:19:12","5"
"21","2012-08-08 11:25:18","Clone SCM","0","org.metricminer.tasks.scm.SCMCloneTaskFactory","2012-08-08 11:24:40","FINISHED","2012-08-08 10:19:14","6"
"22","2012-08-08 11:42:51","Parse SCM logs","1","org.metricminer.tasks.scm.ParseSCMLogTaskFactory","2012-08-08 11:25:20","FINISHED","2012-08-08 10:19:14","6"
"23","2012-08-08 11:43:00","Remove source code directory","2","org.metricminer.tasks.scm.RemoveSourceDirectoryTaskFactory","2012-08-08 11:43:00","FINISHED","2012-08-08 10:19:14","6"
"24","2012-08-08 12:09:37","Calculate all metrics","3","org.metricminer.tasks.metric.CalculateAllMetricsTaskFactory","2012-08-08 11:43:10","FINISHED","2012-08-08 10:19:14","6"
"25","2012-08-08 12:09:54","Clone SCM","0","org.metricminer.tasks.scm.SCMCloneTaskFactory","2012-08-08 12:09:40","FINISHED","2012-08-08 10:19:16","7"
"26","2012-08-08 12:10:04","Parse SCM logs","1","org.metricminer.tasks.scm.ParseSCMLogTaskFactory","2012-08-08 12:10:00","FINISHED","2012-08-08 10:19:16","7"
"27","2012-08-08 12:10:10","Remove source code directory","2","org.metricminer.tasks.scm.RemoveSourceDirectoryTaskFactory","2012-08-08 12:10:10","FINISHED","2012-08-08 10:19:16","7"
"28","2012-08-08 12:10:21","Calculate all metrics","3","org.metricminer.tasks.metric.CalculateAllMetricsTaskFactory","2012-08-08 12:10:20","FINISHED","2012-08-08 10:19:16","7"
"29","2012-08-08 12:10:34","Clone SCM","0","org.metricminer.tasks.scm.SCMCloneTaskFactory","2012-08-08 12:10:30","FINISHED","2012-08-08 10:19:19","8"
"30","2012-08-08 12:10:40","Parse SCM logs","1","org.metricminer.tasks.scm.ParseSCMLogTaskFactory","2012-08-08 12:10:40","FINISHED","2012-08-08 10:19:19","8"
"31","2012-08-08 12:10:50","Remove source code directory","2","org.metricminer.tasks.scm.RemoveSourceDirectoryTaskFactory","2012-08-08 12:10:50","FINISHED","2012-08-08 10:19:19","8"
"32","2012-08-08 12:11:03","Calculate all metrics","3","org.metricminer.tasks.metric.CalculateAllMetricsTaskFactory","2012-08-08 12:11:00","FINISHED","2012-08-08 10:19:19","8"
"33","2012-08-08 12:12:47","Clone SCM","0","org.metricminer.tasks.scm.SCMCloneTaskFactory","2012-08-08 12:11:10","FINISHED","2012-08-08 10:19:21","9"
"34","2012-08-08 12:38:16","Parse SCM logs","1","org.metricminer.tasks.scm.ParseSCMLogTaskFactory","2012-08-08 12:12:50","FINISHED","2012-08-08 10:19:21","9"
"35","2012-08-08 12:38:20","Remove source code directory","2","org.metricminer.tasks.scm.RemoveSourceDirectoryTaskFactory","2012-08-08 12:38:20","FINISHED","2012-08-08 10:19:21","9"
"36","2012-08-08 13:32:15","Calculate all metrics","3","org.metricminer.tasks.metric.CalculateAllMetricsTaskFactory","2012-08-08 12:38:30","FINISHED","2012-08-08 10:19:21","9"
"37","2012-08-08 13:35:58","Clone SCM","0","org.metricminer.tasks.scm.SCMCloneTaskFactory","2012-08-08 13:32:20","FINISHED","2012-08-08 10:19:28","10"
"38","2012-08-08 13:44:21","Parse SCM logs","1","org.metricminer.tasks.scm.ParseSCMLogTaskFactory","2012-08-08 13:36:00","FINISHED","2012-08-08 10:19:28","10"
"39","2012-08-08 13:44:30","Remove source code directory","2","org.metricminer.tasks.scm.RemoveSourceDirectoryTaskFactory","2012-08-08 13:44:30","FINISHED","2012-08-08 10:19:28","10"
"40","2012-08-08 13:45:01","Calculate all metrics","3","org.metricminer.tasks.metric.CalculateAllMetricsTaskFactory","2012-08-08 13:44:40","FINISHED","2012-08-08 10:19:28","10"
"41","2012-08-08 13:45:42","Clone SCM","0","org.metricminer.tasks.scm.SCMCloneTaskFactory","2012-08-08 13:45:10","FINISHED","2012-08-08 10:19:30","11"
"42","2012-08-08 13:46:27","Parse SCM logs","1","org.metricminer.tasks.scm.ParseSCMLogTaskFactory","2012-08-08 13:45:50","FINISHED","2012-08-08 10:19:30","11"
"43","2012-08-08 13:46:30","Remove source code directory","2","org.metricminer.tasks.scm.RemoveSourceDirectoryTaskFactory","2012-08-08 13:46:30","FINISHED","2012-08-08 10:19:30","11"
"44","2012-08-08 13:46:50","Calculate all metrics","3","org.metricminer.tasks.metric.CalculateAllMetricsTaskFactory","2012-08-08 13:46:40","FINISHED","2012-08-08 10:19:30","11"
"45","2012-08-08 13:51:15","Clone SCM","0","org.metricminer.tasks.scm.SCMCloneTaskFactory","2012-08-08 13:47:00","FINISHED","2012-08-08 10:19:43","12"
"46","2012-08-08 14:22:36","Parse SCM logs","1","org.metricminer.tasks.scm.ParseSCMLogTaskFactory","2012-08-08 13:51:20","FINISHED","2012-08-08 10:19:43","12"
"47","2012-08-08 14:22:40","Remove source code directory","2","org.metricminer.tasks.scm.RemoveSourceDirectoryTaskFactory","2012-08-08 14:22:40","FINISHED","2012-08-08 10:19:43","12"
"48","2012-08-08 14:36:08","Calculate all metrics","3","org.metricminer.tasks.metric.CalculateAllMetricsTaskFactory","2012-08-08 14:22:50","FINISHED","2012-08-08 10:19:43","12"
"49","2012-08-08 14:37:06","Clone SCM","0","org.metricminer.tasks.scm.SCMCloneTaskFactory","2012-08-08 14:36:10","FINISHED","2012-08-08 10:19:46","13"
"50","2012-08-08 14:37:36","Parse SCM logs","1","org.metricminer.tasks.scm.ParseSCMLogTaskFactory","2012-08-08 14:37:10","FINISHED","2012-08-08 10:19:46","13"
"51","2012-08-08 14:37:40","Remove source code directory","2","org.metricminer.tasks.scm.RemoveSourceDirectoryTaskFactory","2012-08-08 14:37:40","FINISHED","2012-08-08 10:19:46","13"
"52","2012-08-08 14:37:52","Calculate all metrics","3","org.metricminer.tasks.metric.CalculateAllMetricsTaskFactory","2012-08-08 14:37:50","FINISHED","2012-08-08 10:19:46","13"
"53","2012-08-08 14:38:54","Clone SCM","0","org.metricminer.tasks.scm.SCMCloneTaskFactory","2012-08-08 14:38:00","FINISHED","2012-08-08 10:19:48","14"
"54","2012-08-08 14:41:27","Parse SCM logs","1","org.metricminer.tasks.scm.ParseSCMLogTaskFactory","2012-08-08 14:39:00","FINISHED","2012-08-08 10:19:48","14"
"55","2012-08-08 14:41:30","Remove source code directory","2","org.metricminer.tasks.scm.RemoveSourceDirectoryTaskFactory","2012-08-08 14:41:30","FINISHED","2012-08-08 10:19:48","14"
"56","2012-08-08 14:41:48","Calculate all metrics","3","org.metricminer.tasks.metric.CalculateAllMetricsTaskFactory","2012-08-08 14:41:40","FINISHED","2012-08-08 10:19:48","14"
"57","2012-08-08 14:43:50","Clone SCM","0","org.metricminer.tasks.scm.SCMCloneTaskFactory","2012-08-08 14:41:50","FINISHED","2012-08-08 10:19:50","15"
"58","2012-08-08 14:54:13","Parse SCM logs","1","org.metricminer.tasks.scm.ParseSCMLogTaskFactory","2012-08-08 14:44:00","FINISHED","2012-08-08 10:19:50","15"
"59","2012-08-08 14:54:20","Remove source code directory","2","org.metricminer.tasks.scm.RemoveSourceDirectoryTaskFactory","2012-08-08 14:54:20","FINISHED","2012-08-08 10:19:50","15"
"60","2012-08-08 14:56:11","Calculate all metrics","3","org.metricminer.tasks.metric.CalculateAllMetricsTaskFactory","2012-08-08 14:54:30","FINISHED","2012-08-08 10:19:50","15"
"61","2012-08-08 14:56:29","Clone SCM","0","org.metricminer.tasks.scm.SCMCloneTaskFactory","2012-08-08 14:56:20","FINISHED","2012-08-08 10:20:06","16"
"62","2012-08-08 14:57:47","Parse SCM logs","1","org.metricminer.tasks.scm.ParseSCMLogTaskFactory","2012-08-08 14:56:30","FINISHED","2012-08-08 10:20:06","16"
"63","2012-08-08 14:57:50","Remove source code directory","2","org.metricminer.tasks.scm.RemoveSourceDirectoryTaskFactory","2012-08-08 14:57:50","FINISHED","2012-08-08 10:20:06","16"
"64","2012-08-08 14:58:06","Calculate all metrics","3","org.metricminer.tasks.metric.CalculateAllMetricsTaskFactory","2012-08-08 14:58:00","FINISHED","2012-08-08 10:20:06","16"
"65","2012-08-08 14:58:17","Clone SCM","0","org.metricminer.tasks.scm.SCMCloneTaskFactory","2012-08-08 14:58:10","FINISHED","2012-08-08 10:20:09","17"
"66","2012-08-08 14:58:24","Parse SCM logs","1","org.metricminer.tasks.scm.ParseSCMLogTaskFactory","2012-08-08 14:58:20","FINISHED","2012-08-08 10:20:09","17"
"67","2012-08-08 14:58:30","Remove source code directory","2","org.metricminer.tasks.scm.RemoveSourceDirectoryTaskFactory","2012-08-08 14:58:30","FINISHED","2012-08-08 10:20:09","17"
"68","2012-08-08 14:58:43","Calculate all metrics","3","org.metricminer.tasks.metric.CalculateAllMetricsTaskFactory","2012-08-08 14:58:40","FINISHED","2012-08-08 10:20:09","17"
"69","2012-08-08 14:59:34","Clone SCM","0","org.metricminer.tasks.scm.SCMCloneTaskFactory","2012-08-08 14:58:50","FINISHED","2012-08-08 10:20:22","18"
"70","2012-08-08 15:21:05","Parse SCM logs","1","org.metricminer.tasks.scm.ParseSCMLogTaskFactory","2012-08-08 14:59:40","FINISHED","2012-08-08 10:20:22","18"
"71","2012-08-08 15:21:11","Remove source code directory","2","org.metricminer.tasks.scm.RemoveSourceDirectoryTaskFactory","2012-08-08 15:21:10","FINISHED","2012-08-08 10:20:22","18"
"72","2012-08-08 15:26:23","Calculate all metrics","3","org.metricminer.tasks.metric.CalculateAllMetricsTaskFactory","2012-08-08 15:21:20","FINISHED","2012-08-08 10:20:22","18"
"73","2012-08-08 15:31:50","Clone SCM","0","org.metricminer.tasks.scm.SCMCloneTaskFactory","2012-08-08 15:26:30","FINISHED","2012-08-08 10:20:24","19"
"74","2012-08-08 15:39:00","Parse SCM logs","1","org.metricminer.tasks.scm.ParseSCMLogTaskFactory","2012-08-08 15:32:00","FINISHED","2012-08-08 10:20:24","19"
"75","2012-08-08 15:39:11","Remove source code directory","2","org.metricminer.tasks.scm.RemoveSourceDirectoryTaskFactory","2012-08-08 15:39:10","FINISHED","2012-08-08 10:20:24","19"
"76","2012-08-08 15:43:40","Calculate all metrics","3","org.metricminer.tasks.metric.CalculateAllMetricsTaskFactory","2012-08-08 15:39:20","FINISHED","2012-08-08 10:20:24","19"
"77","2012-08-08 15:45:07","Clone SCM","0","org.metricminer.tasks.scm.SCMCloneTaskFactory","2012-08-08 15:43:50","FINISHED","2012-08-08 10:20:35","20"
"78","2012-08-08 15:48:08","Parse SCM logs","1","org.metricminer.tasks.scm.ParseSCMLogTaskFactory","2012-08-08 15:45:10","FINISHED","2012-08-08 10:20:35","20"
"79","2012-08-08 15:48:10","Remove source code directory","2","org.metricminer.tasks.scm.RemoveSourceDirectoryTaskFactory","2012-08-08 15:48:10","FINISHED","2012-08-08 10:20:35","20"
"80","2012-08-08 15:48:57","Calculate all metrics","3","org.metricminer.tasks.metric.CalculateAllMetricsTaskFactory","2012-08-08 15:48:20","FINISHED","2012-08-08 10:20:35","20"
"81","2012-08-08 15:52:03","Clone SCM","0","org.metricminer.tasks.scm.SCMCloneTaskFactory","2012-08-08 15:49:00","FINISHED","2012-08-08 10:20:37","21"
"82","2012-08-08 16:50:48","Parse SCM logs","1","org.metricminer.tasks.scm.ParseSCMLogTaskFactory","2012-08-08 15:52:10","FINISHED","2012-08-08 10:20:37","21"
"83","2012-08-08 16:50:50","Remove source code directory","2","org.metricminer.tasks.scm.RemoveSourceDirectoryTaskFactory","2012-08-08 16:50:50","FINISHED","2012-08-08 10:20:37","21"
"84","2012-08-08 17:19:25","Calculate all metrics","3","org.metricminer.tasks.metric.CalculateAllMetricsTaskFactory","2012-08-08 16:51:00","FINISHED","2012-08-08 10:20:37","21"
"85","2012-08-08 17:20:05","Clone SCM","0","org.metricminer.tasks.scm.SCMCloneTaskFactory","2012-08-08 17:19:30","FINISHED","2012-08-08 10:20:46","22"
"86","2012-08-08 17:39:24","Parse SCM logs","1","org.metricminer.tasks.scm.ParseSCMLogTaskFactory","2012-08-08 17:20:10","FINISHED","2012-08-08 10:20:46","22"
"87","2012-08-08 17:39:30","Remove source code directory","2","org.metricminer.tasks.scm.RemoveSourceDirectoryTaskFactory","2012-08-08 17:39:30","FINISHED","2012-08-08 10:20:46","22"
"88","2012-08-08 17:42:50","Calculate all metrics","3","org.metricminer.tasks.metric.CalculateAllMetricsTaskFactory","2012-08-08 17:39:40","FINISHED","2012-08-08 10:20:46","22"
"89","2012-08-08 17:45:38","Clone SCM","0","org.metricminer.tasks.scm.SCMCloneTaskFactory","2012-08-08 17:43:00","FINISHED","2012-08-08 10:20:54","23"
"90","2012-08-08 18:39:11","Parse SCM logs","1","org.metricminer.tasks.scm.ParseSCMLogTaskFactory","2012-08-08 17:45:40","FINISHED","2012-08-08 10:20:54","23"
"91","2012-08-08 18:39:21","Remove source code directory","2","org.metricminer.tasks.scm.RemoveSourceDirectoryTaskFactory","2012-08-08 18:39:20","FINISHED","2012-08-08 10:20:54","23"
"92","2012-08-08 19:01:13","Calculate all metrics","3","org.metricminer.tasks.metric.CalculateAllMetricsTaskFactory","2012-08-08 18:39:30","FINISHED","2012-08-08 10:20:54","23"
"93","2012-08-08 19:06:56","Clone SCM","0","org.metricminer.tasks.scm.SCMCloneTaskFactory","2012-08-08 19:01:20","FINISHED","2012-08-08 10:20:56","24"
"94","2012-08-08 19:07:36","Parse SCM logs","1","org.metricminer.tasks.scm.ParseSCMLogTaskFactory","2012-08-08 19:07:00","FINISHED","2012-08-08 10:20:56","24"
"95","2012-08-08 19:07:40","Remove source code directory","2","org.metricminer.tasks.scm.RemoveSourceDirectoryTaskFactory","2012-08-08 19:07:40","FINISHED","2012-08-08 10:20:56","24"
"96","2012-08-08 19:08:01","Calculate all metrics","3","org.metricminer.tasks.metric.CalculateAllMetricsTaskFactory","2012-08-08 19:07:50","FINISHED","2012-08-08 10:20:56","24"
"97","2012-08-08 19:13:43","Clone SCM","0","org.metricminer.tasks.scm.SCMCloneTaskFactory","2012-08-08 19:08:10","FINISHED","2012-08-08 10:20:58","25"
"98","2012-08-08 19:29:26","Parse SCM logs","1","org.metricminer.tasks.scm.ParseSCMLogTaskFactory","2012-08-08 19:13:50","FINISHED","2012-08-08 10:20:58","25"
"99","2012-08-08 19:29:30","Remove source code directory","2","org.metricminer.tasks.scm.RemoveSourceDirectoryTaskFactory","2012-08-08 19:29:30","FINISHED","2012-08-08 10:20:58","25"
"100","2012-08-08 19:33:31","Calculate all metrics","3","org.metricminer.tasks.metric.CalculateAllMetricsTaskFactory","2012-08-08 19:29:40","FINISHED","2012-08-08 10:20:58","25"
"101","2012-08-08 19:34:00","Clone SCM","0","org.metricminer.tasks.scm.SCMCloneTaskFactory","2012-08-08 19:33:40","FINISHED","2012-08-08 10:21:10","26"
"102","2012-08-08 19:39:18","Parse SCM logs","1","org.metricminer.tasks.scm.ParseSCMLogTaskFactory","2012-08-08 19:34:10","FINISHED","2012-08-08 10:21:10","26"
"103","2012-08-08 19:39:21","Remove source code directory","2","org.metricminer.tasks.scm.RemoveSourceDirectoryTaskFactory","2012-08-08 19:39:20","FINISHED","2012-08-08 10:21:10","26"
"104","2012-08-08 20:02:45","Calculate all metrics","3","org.metricminer.tasks.metric.CalculateAllMetricsTaskFactory","2012-08-08 19:39:30","FINISHED","2012-08-08 10:21:10","26"
"105","2012-08-08 20:03:43","Clone SCM","0","org.metricminer.tasks.scm.SCMCloneTaskFactory","2012-08-08 20:02:50","FINISHED","2012-08-08 10:21:18","27"
"106","2012-08-08 20:04:23","Parse SCM logs","1","org.metricminer.tasks.scm.ParseSCMLogTaskFactory","2012-08-08 20:03:50","FINISHED","2012-08-08 10:21:18","27"
"107","2012-08-08 20:04:30","Remove source code directory","2","org.metricminer.tasks.scm.RemoveSourceDirectoryTaskFactory","2012-08-08 20:04:30","FINISHED","2012-08-08 10:21:18","27"
"108","2012-08-08 20:04:51","Calculate all metrics","3","org.metricminer.tasks.metric.CalculateAllMetricsTaskFactory","2012-08-08 20:04:40","FINISHED","2012-08-08 10:21:18","27"
"109","2012-08-08 20:05:24","Clone SCM","0","org.metricminer.tasks.scm.SCMCloneTaskFactory","2012-08-08 20:05:00","FINISHED","2012-08-08 10:21:21","28"
"110","2012-08-08 20:07:16","Parse SCM logs","1","org.metricminer.tasks.scm.ParseSCMLogTaskFactory","2012-08-08 20:05:30","FINISHED","2012-08-08 10:21:21","28"
"111","2012-08-08 20:07:20","Remove source code directory","2","org.metricminer.tasks.scm.RemoveSourceDirectoryTaskFactory","2012-08-08 20:07:20","FINISHED","2012-08-08 10:21:21","28"
"112","2012-08-08 20:07:38","Calculate all metrics","3","org.metricminer.tasks.metric.CalculateAllMetricsTaskFactory","2012-08-08 20:07:30","FINISHED","2012-08-08 10:21:21","28"
"113","2012-08-08 20:07:48","Clone SCM","0","org.metricminer.tasks.scm.SCMCloneTaskFactory","2012-08-08 20:07:40","FINISHED","2012-08-08 10:21:23","29"
"114","2012-08-08 20:08:27","Parse SCM logs","1","org.metricminer.tasks.scm.ParseSCMLogTaskFactory","2012-08-08 20:07:50","FINISHED","2012-08-08 10:21:23","29"
"115","2012-08-08 20:08:30","Remove source code directory","2","org.metricminer.tasks.scm.RemoveSourceDirectoryTaskFactory","2012-08-08 20:08:30","FINISHED","2012-08-08 10:21:23","29"
"116","2012-08-08 20:08:55","Calculate all metrics","3","org.metricminer.tasks.metric.CalculateAllMetricsTaskFactory","2012-08-08 20:08:40","FINISHED","2012-08-08 10:21:23","29"
"117","2012-08-08 20:10:14","Clone SCM","0","org.metricminer.tasks.scm.SCMCloneTaskFactory","2012-08-08 20:09:00","FINISHED","2012-08-08 10:21:34","30"
"118","2012-08-08 20:40:10","Parse SCM logs","1","org.metricminer.tasks.scm.ParseSCMLogTaskFactory","2012-08-08 20:10:20","FINISHED","2012-08-08 10:21:34","30"
"119","2012-08-08 20:40:29","Remove source code directory","2","org.metricminer.tasks.scm.RemoveSourceDirectoryTaskFactory","2012-08-08 20:40:20","FINISHED","2012-08-08 10:21:34","30"
"120","2012-08-08 21:06:11","Calculate all metrics","3","org.metricminer.tasks.metric.CalculateAllMetricsTaskFactory","2012-08-08 20:40:30","FINISHED","2012-08-08 10:21:34","30"
"121","2012-08-08 21:07:59","Clone SCM","0","org.metricminer.tasks.scm.SCMCloneTaskFactory","2012-08-08 21:06:20","FINISHED","2012-08-08 10:21:41","31"
"122","2012-08-08 21:23:21","Parse SCM logs","1","org.metricminer.tasks.scm.ParseSCMLogTaskFactory","2012-08-08 21:08:00","FINISHED","2012-08-08 10:21:41","31"
"123","2012-08-08 21:23:30","Remove source code directory","2","org.metricminer.tasks.scm.RemoveSourceDirectoryTaskFactory","2012-08-08 21:23:30","FINISHED","2012-08-08 10:21:41","31"
"124","2012-08-08 21:33:02","Calculate all metrics","3","org.metricminer.tasks.metric.CalculateAllMetricsTaskFactory","2012-08-08 21:23:40","FINISHED","2012-08-08 10:21:41","31"
"125","2012-08-08 21:36:34","Clone SCM","0","org.metricminer.tasks.scm.SCMCloneTaskFactory","2012-08-08 21:33:10","FINISHED","2012-08-08 10:21:46","32"
"126","2012-08-08 22:38:46","Parse SCM logs","1","org.metricminer.tasks.scm.ParseSCMLogTaskFactory","2012-08-08 21:36:40","FINISHED","2012-08-08 10:21:46","32"
"127","2012-08-08 22:38:50","Remove source code directory","2","org.metricminer.tasks.scm.RemoveSourceDirectoryTaskFactory","2012-08-08 22:38:50","FINISHED","2012-08-08 10:21:46","32"
"128","2012-08-08 22:52:05","Calculate all metrics","3","org.metricminer.tasks.metric.CalculateAllMetricsTaskFactory","2012-08-08 22:39:00","FINISHED","2012-08-08 10:21:46","32"
"129","2012-08-08 22:57:07","Clone SCM","0","org.metricminer.tasks.scm.SCMCloneTaskFactory","2012-08-08 22:52:10","FINISHED","2012-08-08 10:21:48","33"
"130","2012-08-08 22:58:32","Parse SCM logs","1","org.metricminer.tasks.scm.ParseSCMLogTaskFactory","2012-08-08 22:57:10","FINISHED","2012-08-08 10:21:48","33"
"131","2012-08-08 22:58:40","Remove source code directory","2","org.metricminer.tasks.scm.RemoveSourceDirectoryTaskFactory","2012-08-08 22:58:40","FINISHED","2012-08-08 10:21:48","33"
"132","2012-08-08 22:59:04","Calculate all metrics","3","org.metricminer.tasks.metric.CalculateAllMetricsTaskFactory","2012-08-08 22:58:50","FINISHED","2012-08-08 10:21:48","33"
"133","2012-08-08 22:59:21","Clone SCM","0","org.metricminer.tasks.scm.SCMCloneTaskFactory","2012-08-08 22:59:10","FINISHED","2012-08-08 10:21:50","34"
"134","2012-08-08 22:59:35","Parse SCM logs","1","org.metricminer.tasks.scm.ParseSCMLogTaskFactory","2012-08-08 22:59:30","FINISHED","2012-08-08 10:21:50","34"
"135","2012-08-08 22:59:40","Remove source code directory","2","org.metricminer.tasks.scm.RemoveSourceDirectoryTaskFactory","2012-08-08 22:59:40","FINISHED","2012-08-08 10:21:50","34"
"136","2012-08-08 22:59:51","Calculate all metrics","3","org.metricminer.tasks.metric.CalculateAllMetricsTaskFactory","2012-08-08 22:59:50","FINISHED","2012-08-08 10:21:50","34"
"137","2012-08-08 23:00:05","Clone SCM","0","org.metricminer.tasks.scm.SCMCloneTaskFactory","2012-08-08 23:00:00","FINISHED","2012-08-08 10:21:57","35"
"138","2012-08-08 23:00:17","Parse SCM logs","1","org.metricminer.tasks.scm.ParseSCMLogTaskFactory","2012-08-08 23:00:10","FINISHED","2012-08-08 10:21:57","35"
"139","2012-08-08 23:00:20","Remove source code directory","2","org.metricminer.tasks.scm.RemoveSourceDirectoryTaskFactory","2012-08-08 23:00:20","FINISHED","2012-08-08 10:21:57","35"
"140","2012-08-08 23:00:31","Calculate all metrics","3","org.metricminer.tasks.metric.CalculateAllMetricsTaskFactory","2012-08-08 23:00:30","FINISHED","2012-08-08 10:21:57","35"
"141","2012-08-08 23:00:42","Clone SCM","0","org.metricminer.tasks.scm.SCMCloneTaskFactory","2012-08-08 23:00:40","FINISHED","2012-08-08 10:22:02","36"
"142","2012-08-08 23:00:55","Parse SCM logs","1","org.metricminer.tasks.scm.ParseSCMLogTaskFactory","2012-08-08 23:00:50","FINISHED","2012-08-08 10:22:02","36"
"143","2012-08-08 23:01:00","Remove source code directory","2","org.metricminer.tasks.scm.RemoveSourceDirectoryTaskFactory","2012-08-08 23:01:00","FINISHED","2012-08-08 10:22:02","36"
"144","2012-08-08 23:01:10","Calculate all metrics","3","org.metricminer.tasks.metric.CalculateAllMetricsTaskFactory","2012-08-08 23:01:10","FINISHED","2012-08-08 10:22:02","36"
"145","2012-08-08 23:02:11","Clone SCM","0","org.metricminer.tasks.scm.SCMCloneTaskFactory","2012-08-08 23:01:20","FINISHED","2012-08-08 10:22:05","37"
"146","2012-08-08 23:06:30","Parse SCM logs","1","org.metricminer.tasks.scm.ParseSCMLogTaskFactory","2012-08-08 23:02:20","FINISHED","2012-08-08 10:22:05","37"
"147","2012-08-08 23:06:40","Remove source code directory","2","org.metricminer.tasks.scm.RemoveSourceDirectoryTaskFactory","2012-08-08 23:06:40","FINISHED","2012-08-08 10:22:05","37"
"148","2012-08-08 23:11:08","Calculate all metrics","3","org.metricminer.tasks.metric.CalculateAllMetricsTaskFactory","2012-08-08 23:06:50","FINISHED","2012-08-08 10:22:05","37"
"149","2012-08-08 23:11:12","Clone SCM","0","org.metricminer.tasks.scm.SCMCloneTaskFactory","2012-08-08 23:11:10","FINISHED","2012-08-08 10:22:12","38"
"150","2012-08-08 23:11:22","Parse SCM logs","1","org.metricminer.tasks.scm.ParseSCMLogTaskFactory","2012-08-08 23:11:20","FINISHED","2012-08-08 10:22:12","38"
"151","2012-08-08 23:11:30","Remove source code directory","2","org.metricminer.tasks.scm.RemoveSourceDirectoryTaskFactory","2012-08-08 23:11:30","FINISHED","2012-08-08 10:22:12","38"
"152","2012-08-08 23:11:40","Calculate all metrics","3","org.metricminer.tasks.metric.CalculateAllMetricsTaskFactory","2012-08-08 23:11:40","FINISHED","2012-08-08 10:22:12","38"
"153","2012-08-08 23:13:30","Clone SCM","0","org.metricminer.tasks.scm.SCMCloneTaskFactory","2012-08-08 23:11:50","FINISHED","2012-08-08 10:22:34","39"
"154","2012-08-08 23:15:58","Parse SCM logs","1","org.metricminer.tasks.scm.ParseSCMLogTaskFactory","2012-08-08 23:13:40","FINISHED","2012-08-08 10:22:34","39"
"155","2012-08-08 23:16:00","Remove source code directory","2","org.metricminer.tasks.scm.RemoveSourceDirectoryTaskFactory","2012-08-08 23:16:00","FINISHED","2012-08-08 10:22:34","39"
"156","2012-08-08 23:16:59","Calculate all metrics","3","org.metricminer.tasks.metric.CalculateAllMetricsTaskFactory","2012-08-08 23:16:10","FINISHED","2012-08-08 10:22:34","39"
"157","2012-08-08 23:19:24","Clone SCM","0","org.metricminer.tasks.scm.SCMCloneTaskFactory","2012-08-08 23:17:00","FINISHED","2012-08-08 10:22:36","40"
"158","2012-08-09 00:34:43","Parse SCM logs","1","org.metricminer.tasks.scm.ParseSCMLogTaskFactory","2012-08-08 23:19:30","FINISHED","2012-08-08 10:22:36","40"
"159","2012-08-09 00:34:52","Remove source code directory","2","org.metricminer.tasks.scm.RemoveSourceDirectoryTaskFactory","2012-08-09 00:34:50","FINISHED","2012-08-08 10:22:36","40"
"160","2012-08-09 00:37:03","Calculate all metrics","3","org.metricminer.tasks.metric.CalculateAllMetricsTaskFactory","2012-08-09 00:35:00","FINISHED","2012-08-08 10:22:36","40"
"161","2012-08-09 00:44:49","Clone SCM","0","org.metricminer.tasks.scm.SCMCloneTaskFactory","2012-08-09 00:37:10","FINISHED","2012-08-08 10:22:39","41"
"162","2012-08-09 01:37:34","Parse SCM logs","1","org.metricminer.tasks.scm.ParseSCMLogTaskFactory","2012-08-09 00:44:50","FINISHED","2012-08-08 10:22:39","41"
"163","2012-08-09 01:37:42","Remove source code directory","2","org.metricminer.tasks.scm.RemoveSourceDirectoryTaskFactory","2012-08-09 01:37:40","FINISHED","2012-08-08 10:22:39","41"
"164","2012-08-09 01:59:04","Calculate all metrics","3","org.metricminer.tasks.metric.CalculateAllMetricsTaskFactory","2012-08-09 01:37:50","FINISHED","2012-08-08 10:22:39","41"
"165","2012-08-09 02:02:38","Clone SCM","0","org.metricminer.tasks.scm.SCMCloneTaskFactory","2012-08-09 01:59:10","FINISHED","2012-08-08 10:22:55","42"
"166","2012-08-09 02:04:15","Parse SCM logs","1","org.metricminer.tasks.scm.ParseSCMLogTaskFactory","2012-08-09 02:02:40","FINISHED","2012-08-08 10:22:55","42"
"167","2012-08-09 02:04:20","Remove source code directory","2","org.metricminer.tasks.scm.RemoveSourceDirectoryTaskFactory","2012-08-09 02:04:20","FINISHED","2012-08-08 10:22:55","42"
"168","2012-08-09 02:04:44","Calculate all metrics","3","org.metricminer.tasks.metric.CalculateAllMetricsTaskFactory","2012-08-09 02:04:30","FINISHED","2012-08-08 10:22:55","42"
"169","2012-08-09 02:10:12","Clone SCM","0","org.metricminer.tasks.scm.SCMCloneTaskFactory","2012-08-09 02:04:50","FINISHED","2012-08-08 10:22:57","43"
"170","2012-08-09 02:12:17","Parse SCM logs","1","org.metricminer.tasks.scm.ParseSCMLogTaskFactory","2012-08-09 02:10:20","FINISHED","2012-08-08 10:22:57","43"
"171","2012-08-09 02:12:20","Remove source code directory","2","org.metricminer.tasks.scm.RemoveSourceDirectoryTaskFactory","2012-08-09 02:12:20","FINISHED","2012-08-08 10:22:57","43"
"172","2012-08-09 02:12:50","Calculate all metrics","3","org.metricminer.tasks.metric.CalculateAllMetricsTaskFactory","2012-08-09 02:12:30","FINISHED","2012-08-08 10:22:57","43"
"173","2012-08-09 02:14:00","Clone SCM","0","org.metricminer.tasks.scm.SCMCloneTaskFactory","2012-08-09 02:13:00","FINISHED","2012-08-08 10:23:00","44"
"174","2012-08-09 02:20:24","Parse SCM logs","1","org.metricminer.tasks.scm.ParseSCMLogTaskFactory","2012-08-09 02:14:10","FINISHED","2012-08-08 10:23:00","44"
"175","2012-08-09 02:20:31","Remove source code directory","2","org.metricminer.tasks.scm.RemoveSourceDirectoryTaskFactory","2012-08-09 02:20:30","FINISHED","2012-08-08 10:23:00","44"
"176","2012-08-09 02:23:21","Calculate all metrics","3","org.metricminer.tasks.metric.CalculateAllMetricsTaskFactory","2012-08-09 02:20:40","FINISHED","2012-08-08 10:23:00","44"
"177","2012-08-09 02:25:37","Clone SCM","0","org.metricminer.tasks.scm.SCMCloneTaskFactory","2012-08-09 02:23:30","FINISHED","2012-08-08 10:23:02","45"
"178","2012-08-09 02:26:59","Parse SCM logs","1","org.metricminer.tasks.scm.ParseSCMLogTaskFactory","2012-08-09 02:25:40","FINISHED","2012-08-08 10:23:02","45"
"179","2012-08-09 02:27:00","Remove source code directory","2","org.metricminer.tasks.scm.RemoveSourceDirectoryTaskFactory","2012-08-09 02:27:00","FINISHED","2012-08-08 10:23:02","45"
"180","2012-08-09 02:27:25","Calculate all metrics","3","org.metricminer.tasks.metric.CalculateAllMetricsTaskFactory","2012-08-09 02:27:10","FINISHED","2012-08-08 10:23:02","45"
"181","2012-08-09 02:27:35","Clone SCM","0","org.metricminer.tasks.scm.SCMCloneTaskFactory","2012-08-09 02:27:30","FINISHED","2012-08-08 10:23:04","46"
"182","2012-08-09 02:27:59","Parse SCM logs","1","org.metricminer.tasks.scm.ParseSCMLogTaskFactory","2012-08-09 02:27:40","FINISHED","2012-08-08 10:23:04","46"
"183","2012-08-09 02:28:00","Remove source code directory","2","org.metricminer.tasks.scm.RemoveSourceDirectoryTaskFactory","2012-08-09 02:28:00","FINISHED","2012-08-08 10:23:04","46"
"184","2012-08-09 02:28:13","Calculate all metrics","3","org.metricminer.tasks.metric.CalculateAllMetricsTaskFactory","2012-08-09 02:28:10","FINISHED","2012-08-08 10:23:04","46"
"185","2012-08-09 02:29:10","Clone SCM","0","org.metricminer.tasks.scm.SCMCloneTaskFactory","2012-08-09 02:28:20","FINISHED","2012-08-08 10:23:06","47"
"186","2012-08-09 02:29:40","Parse SCM logs","1","org.metricminer.tasks.scm.ParseSCMLogTaskFactory","2012-08-09 02:29:20","FINISHED","2012-08-08 10:23:06","47"
"187","2012-08-09 02:29:50","Remove source code directory","2","org.metricminer.tasks.scm.RemoveSourceDirectoryTaskFactory","2012-08-09 02:29:50","FINISHED","2012-08-08 10:23:06","47"
"188","2012-08-09 02:30:15","Calculate all metrics","3","org.metricminer.tasks.metric.CalculateAllMetricsTaskFactory","2012-08-09 02:30:00","FINISHED","2012-08-08 10:23:06","47"
"189","2012-08-09 02:30:44","Clone SCM","0","org.metricminer.tasks.scm.SCMCloneTaskFactory","2012-08-09 02:30:20","FINISHED","2012-08-08 10:23:08","48"
"190","2012-08-09 02:32:39","Parse SCM logs","1","org.metricminer.tasks.scm.ParseSCMLogTaskFactory","2012-08-09 02:30:50","FINISHED","2012-08-08 10:23:08","48"
"191","2012-08-09 02:32:40","Remove source code directory","2","org.metricminer.tasks.scm.RemoveSourceDirectoryTaskFactory","2012-08-09 02:32:40","FINISHED","2012-08-08 10:23:08","48"
"192","2012-08-09 02:33:16","Calculate all metrics","3","org.metricminer.tasks.metric.CalculateAllMetricsTaskFactory","2012-08-09 02:32:50","FINISHED","2012-08-08 10:23:08","48"
"193","2012-08-09 02:33:35","Clone SCM","0","org.metricminer.tasks.scm.SCMCloneTaskFactory","2012-08-09 02:33:20","FINISHED","2012-08-08 10:23:25","49"
"194","2012-08-09 02:38:21","Parse SCM logs","1","org.metricminer.tasks.scm.ParseSCMLogTaskFactory","2012-08-09 02:33:40","FINISHED","2012-08-08 10:23:25","49"
"195","2012-08-09 02:38:30","Remove source code directory","2","org.metricminer.tasks.scm.RemoveSourceDirectoryTaskFactory","2012-08-09 02:38:30","FINISHED","2012-08-08 10:23:25","49"
"196","2012-08-09 02:39:29","Calculate all metrics","3","org.metricminer.tasks.metric.CalculateAllMetricsTaskFactory","2012-08-09 02:38:40","FINISHED","2012-08-08 10:23:25","49"
"197","2012-08-09 02:39:43","Clone SCM","0","org.metricminer.tasks.scm.SCMCloneTaskFactory","2012-08-09 02:39:30","FINISHED","2012-08-08 10:23:32","50"
"198","2012-08-09 02:40:51","Parse SCM logs","1","org.metricminer.tasks.scm.ParseSCMLogTaskFactory","2012-08-09 02:39:50","FINISHED","2012-08-08 10:23:32","50"
"199","2012-08-09 02:41:02","Remove source code directory","2","org.metricminer.tasks.scm.RemoveSourceDirectoryTaskFactory","2012-08-09 02:41:00","FINISHED","2012-08-08 10:23:32","50"
"200","2012-08-09 02:41:16","Calculate all metrics","3","org.metricminer.tasks.metric.CalculateAllMetricsTaskFactory","2012-08-09 02:41:10","FINISHED","2012-08-08 10:23:32","50"
"201","2012-08-09 02:41:20","Clone SCM","0","org.metricminer.tasks.scm.SCMCloneTaskFactory","2012-08-09 02:41:20","FINISHED","2012-08-08 10:23:42","51"
"202","2012-08-09 02:53:06","Parse SCM logs","1","org.metricminer.tasks.scm.ParseSCMLogTaskFactory","2012-08-09 02:41:30","FINISHED","2012-08-08 10:23:42","51"
"203","2012-08-09 02:53:10","Remove source code directory","2","org.metricminer.tasks.scm.RemoveSourceDirectoryTaskFactory","2012-08-09 02:53:10","FINISHED","2012-08-08 10:23:42","51"
"204","2012-08-09 02:56:24","Calculate all metrics","3","org.metricminer.tasks.metric.CalculateAllMetricsTaskFactory","2012-08-09 02:53:20","FINISHED","2012-08-08 10:23:42","51"
"205","2012-08-09 02:56:59","Clone SCM","0","org.metricminer.tasks.scm.SCMCloneTaskFactory","2012-08-09 02:56:30","FINISHED","2012-08-08 10:23:44","52"
"206","2012-08-09 02:57:15","Parse SCM logs","1","org.metricminer.tasks.scm.ParseSCMLogTaskFactory","2012-08-09 02:57:00","FINISHED","2012-08-08 10:23:44","52"
"207","2012-08-09 02:57:20","Remove source code directory","2","org.metricminer.tasks.scm.RemoveSourceDirectoryTaskFactory","2012-08-09 02:57:20","FINISHED","2012-08-08 10:23:44","52"
"208","2012-08-09 02:57:32","Calculate all metrics","3","org.metricminer.tasks.metric.CalculateAllMetricsTaskFactory","2012-08-09 02:57:30","FINISHED","2012-08-08 10:23:44","52"
"209","2012-08-09 02:58:07","Clone SCM","0","org.metricminer.tasks.scm.SCMCloneTaskFactory","2012-08-09 02:57:40","FINISHED","2012-08-08 10:23:51","53"
"210","2012-08-09 02:59:16","Parse SCM logs","1","org.metricminer.tasks.scm.ParseSCMLogTaskFactory","2012-08-09 02:58:10","FINISHED","2012-08-08 10:23:51","53"
"211","2012-08-09 02:59:20","Remove source code directory","2","org.metricminer.tasks.scm.RemoveSourceDirectoryTaskFactory","2012-08-09 02:59:20","FINISHED","2012-08-08 10:23:51","53"
"212","2012-08-09 02:59:42","Calculate all metrics","3","org.metricminer.tasks.metric.CalculateAllMetricsTaskFactory","2012-08-09 02:59:30","FINISHED","2012-08-08 10:23:51","53"
"213","2012-08-09 03:01:11","Clone SCM","0","org.metricminer.tasks.scm.SCMCloneTaskFactory","2012-08-09 02:59:50","FINISHED","2012-08-08 10:23:54","54"
"214","2012-08-09 03:09:23","Parse SCM logs","1","org.metricminer.tasks.scm.ParseSCMLogTaskFactory","2012-08-09 03:01:20","FINISHED","2012-08-08 10:23:54","54"
"215","2012-08-09 03:09:31","Remove source code directory","2","org.metricminer.tasks.scm.RemoveSourceDirectoryTaskFactory","2012-08-09 03:09:30","FINISHED","2012-08-08 10:23:54","54"
"216","2012-08-09 03:13:53","Calculate all metrics","3","org.metricminer.tasks.metric.CalculateAllMetricsTaskFactory","2012-08-09 03:09:40","FINISHED","2012-08-08 10:23:54","54"
"217","2012-08-09 03:14:46","Clone SCM","0","org.metricminer.tasks.scm.SCMCloneTaskFactory","2012-08-09 03:14:00","FINISHED","2012-08-08 10:23:56","55"
"218","2012-08-09 03:17:42","Parse SCM logs","1","org.metricminer.tasks.scm.ParseSCMLogTaskFactory","2012-08-09 03:14:50","FINISHED","2012-08-08 10:23:56","55"
"219","2012-08-09 03:17:50","Remove source code directory","2","org.metricminer.tasks.scm.RemoveSourceDirectoryTaskFactory","2012-08-09 03:17:50","FINISHED","2012-08-08 10:23:56","55"
"220","2012-08-09 03:18:15","Calculate all metrics","3","org.metricminer.tasks.metric.CalculateAllMetricsTaskFactory","2012-08-09 03:18:00","FINISHED","2012-08-08 10:23:56","55"
"221","2012-08-09 03:18:29","Clone SCM","0","org.metricminer.tasks.scm.SCMCloneTaskFactory","2012-08-09 03:18:20","FINISHED","2012-08-08 10:23:58","56"
"222","2012-08-09 03:19:13","Parse SCM logs","1","org.metricminer.tasks.scm.ParseSCMLogTaskFactory","2012-08-09 03:18:30","FINISHED","2012-08-08 10:23:58","56"
"223","2012-08-09 03:19:20","Remove source code directory","2","org.metricminer.tasks.scm.RemoveSourceDirectoryTaskFactory","2012-08-09 03:19:20","FINISHED","2012-08-08 10:23:58","56"
"224","2012-08-09 03:19:43","Calculate all metrics","3","org.metricminer.tasks.metric.CalculateAllMetricsTaskFactory","2012-08-09 03:19:30","FINISHED","2012-08-08 10:23:58","56"
"225","2012-08-09 03:23:47","Clone SCM","0","org.metricminer.tasks.scm.SCMCloneTaskFactory","2012-08-09 03:19:50","FINISHED","2012-08-08 10:24:00","57"
"226","2012-08-09 04:03:24","Parse SCM logs","1","org.metricminer.tasks.scm.ParseSCMLogTaskFactory","2012-08-09 03:23:50","FINISHED","2012-08-08 10:24:00","57"
"227","2012-08-09 04:03:32","Remove source code directory","2","org.metricminer.tasks.scm.RemoveSourceDirectoryTaskFactory","2012-08-09 04:03:30","FINISHED","2012-08-08 10:24:00","57"
"228","2012-08-09 04:31:21","Calculate all metrics","3","org.metricminer.tasks.metric.CalculateAllMetricsTaskFactory","2012-08-09 04:03:40","FINISHED","2012-08-08 10:24:00","57"
"229","2012-08-09 04:32:14","Clone SCM","0","org.metricminer.tasks.scm.SCMCloneTaskFactory","2012-08-09 04:31:30","FINISHED","2012-08-08 10:24:06","58"
"230","2012-08-09 04:37:26","Parse SCM logs","1","org.metricminer.tasks.scm.ParseSCMLogTaskFactory","2012-08-09 04:32:20","FINISHED","2012-08-08 10:24:06","58"
"231","2012-08-09 04:37:30","Remove source code directory","2","org.metricminer.tasks.scm.RemoveSourceDirectoryTaskFactory","2012-08-09 04:37:30","FINISHED","2012-08-08 10:24:06","58"
"232","2012-08-09 04:38:05","Calculate all metrics","3","org.metricminer.tasks.metric.CalculateAllMetricsTaskFactory","2012-08-09 04:37:40","FINISHED","2012-08-08 10:24:06","58"
"233","2012-08-09 04:39:48","Clone SCM","0","org.metricminer.tasks.scm.SCMCloneTaskFactory","2012-08-09 04:38:10","FINISHED","2012-08-08 10:24:09","59"
"234","2012-08-09 05:06:15","Parse SCM logs","1","org.metricminer.tasks.scm.ParseSCMLogTaskFactory","2012-08-09 04:39:50","FINISHED","2012-08-08 10:24:09","59"
"235","2012-08-09 05:06:20","Remove source code directory","2","org.metricminer.tasks.scm.RemoveSourceDirectoryTaskFactory","2012-08-09 05:06:20","FINISHED","2012-08-08 10:24:09","59"
"236","2012-08-09 05:13:34","Calculate all metrics","3","org.metricminer.tasks.metric.CalculateAllMetricsTaskFactory","2012-08-09 05:06:30","FINISHED","2012-08-08 10:24:09","59"
"237","2012-08-09 05:14:32","Clone SCM","0","org.metricminer.tasks.scm.SCMCloneTaskFactory","2012-08-09 05:13:40","FINISHED","2012-08-08 10:24:11","60"
"238","2012-08-09 05:15:33","Parse SCM logs","1","org.metricminer.tasks.scm.ParseSCMLogTaskFactory","2012-08-09 05:14:40","FINISHED","2012-08-08 10:24:11","60"
"239","2012-08-09 05:15:40","Remove source code directory","2","org.metricminer.tasks.scm.RemoveSourceDirectoryTaskFactory","2012-08-09 05:15:40","FINISHED","2012-08-08 10:24:11","60"
"240","2012-08-09 05:16:06","Calculate all metrics","3","org.metricminer.tasks.metric.CalculateAllMetricsTaskFactory","2012-08-09 05:15:50","FINISHED","2012-08-08 10:24:11","60"
"241","2012-08-09 05:16:15","Clone SCM","0","org.metricminer.tasks.scm.SCMCloneTaskFactory","2012-08-09 05:16:10","FINISHED","2012-08-08 10:24:14","61"
"242","2012-08-09 05:16:24","Parse SCM logs","1","org.metricminer.tasks.scm.ParseSCMLogTaskFactory","2012-08-09 05:16:20","FINISHED","2012-08-08 10:24:14","61"
"243","2012-08-09 05:16:30","Remove source code directory","2","org.metricminer.tasks.scm.RemoveSourceDirectoryTaskFactory","2012-08-09 05:16:30","FINISHED","2012-08-08 10:24:14","61"
"244","2012-08-09 05:16:41","Calculate all metrics","3","org.metricminer.tasks.metric.CalculateAllMetricsTaskFactory","2012-08-09 05:16:40","FINISHED","2012-08-08 10:24:14","61"
"245","2012-08-09 05:17:59","Clone SCM","0","org.metricminer.tasks.scm.SCMCloneTaskFactory","2012-08-09 05:16:50","FINISHED","2012-08-08 10:24:16","62"
"246","2012-08-09 05:18:19","Parse SCM logs","1","org.metricminer.tasks.scm.ParseSCMLogTaskFactory","2012-08-09 05:18:00","FINISHED","2012-08-08 10:24:16","62"
"247","2012-08-09 05:18:20","Remove source code directory","2","org.metricminer.tasks.scm.RemoveSourceDirectoryTaskFactory","2012-08-09 05:18:20","FINISHED","2012-08-08 10:24:16","62"
"248","2012-08-09 05:18:34","Calculate all metrics","3","org.metricminer.tasks.metric.CalculateAllMetricsTaskFactory","2012-08-09 05:18:30","FINISHED","2012-08-08 10:24:16","62"
"249","2012-08-09 05:19:25","Clone SCM","0","org.metricminer.tasks.scm.SCMCloneTaskFactory","2012-08-09 05:18:40","FINISHED","2012-08-08 10:24:18","63"
"250","2012-08-09 05:19:52","Parse SCM logs","1","org.metricminer.tasks.scm.ParseSCMLogTaskFactory","2012-08-09 05:19:30","FINISHED","2012-08-08 10:24:18","63"
"251","2012-08-09 05:20:00","Remove source code directory","2","org.metricminer.tasks.scm.RemoveSourceDirectoryTaskFactory","2012-08-09 05:20:00","FINISHED","2012-08-08 10:24:18","63"
"252","2012-08-09 05:20:13","Calculate all metrics","3","org.metricminer.tasks.metric.CalculateAllMetricsTaskFactory","2012-08-09 05:20:10","FINISHED","2012-08-08 10:24:18","63"
"253","2012-08-09 05:21:45","Clone SCM","0","org.metricminer.tasks.scm.SCMCloneTaskFactory","2012-08-09 05:20:20","FINISHED","2012-08-08 10:24:27","64"
"254","2012-08-09 05:39:05","Parse SCM logs","1","org.metricminer.tasks.scm.ParseSCMLogTaskFactory","2012-08-09 05:21:50","FINISHED","2012-08-08 10:24:27","64"
"255","2012-08-09 05:39:10","Remove source code directory","2","org.metricminer.tasks.scm.RemoveSourceDirectoryTaskFactory","2012-08-09 05:39:10","FINISHED","2012-08-08 10:24:27","64"
"256","2012-08-09 05:44:41","Calculate all metrics","3","org.metricminer.tasks.metric.CalculateAllMetricsTaskFactory","2012-08-09 05:39:20","FINISHED","2012-08-08 10:24:27","64"
"257","2012-08-09 05:44:56","Clone SCM","0","org.metricminer.tasks.scm.SCMCloneTaskFactory","2012-08-09 05:44:50","FINISHED","2012-08-08 10:24:29","65"
"258","2012-08-09 05:45:01","Parse SCM logs","1","org.metricminer.tasks.scm.ParseSCMLogTaskFactory","2012-08-09 05:45:00","FINISHED","2012-08-08 10:24:29","65"
"259","2012-08-09 05:45:10","Remove source code directory","2","org.metricminer.tasks.scm.RemoveSourceDirectoryTaskFactory","2012-08-09 05:45:10","FINISHED","2012-08-08 10:24:29","65"
"260","2012-08-09 05:45:20","Calculate all metrics","3","org.metricminer.tasks.metric.CalculateAllMetricsTaskFactory","2012-08-09 05:45:20","FINISHED","2012-08-08 10:24:29","65"
"261","2012-08-09 05:47:40","Clone SCM","0","org.metricminer.tasks.scm.SCMCloneTaskFactory","2012-08-09 05:45:30","FINISHED","2012-08-08 10:24:31","66"
"262","2012-08-09 06:15:40","Parse SCM logs","1","org.metricminer.tasks.scm.ParseSCMLogTaskFactory","2012-08-09 05:47:50","FINISHED","2012-08-08 10:24:31","66"
"263","2012-08-09 06:15:51","Remove source code directory","2","org.metricminer.tasks.scm.RemoveSourceDirectoryTaskFactory","2012-08-09 06:15:50","FINISHED","2012-08-08 10:24:31","66"
"264","2012-08-09 06:30:48","Calculate all metrics","3","org.metricminer.tasks.metric.CalculateAllMetricsTaskFactory","2012-08-09 06:16:00","FINISHED","2012-08-08 10:24:31","66"
"265","2012-08-09 06:31:18","Clone SCM","0","org.metricminer.tasks.scm.SCMCloneTaskFactory","2012-08-09 06:30:50","FINISHED","2012-08-08 10:24:36","67"
"266","2012-08-09 06:59:55","Parse SCM logs","1","org.metricminer.tasks.scm.ParseSCMLogTaskFactory","2012-08-09 06:31:20","FINISHED","2012-08-08 10:24:36","67"
"267","2012-08-09 07:00:00","Remove source code directory","2","org.metricminer.tasks.scm.RemoveSourceDirectoryTaskFactory","2012-08-09 07:00:00","FINISHED","2012-08-08 10:24:36","67"
"268","2012-08-09 07:39:16","Calculate all metrics","3","org.metricminer.tasks.metric.CalculateAllMetricsTaskFactory","2012-08-09 07:00:10","FINISHED","2012-08-08 10:24:36","67"
"269","2012-08-09 07:39:28","Clone SCM","0","org.metricminer.tasks.scm.SCMCloneTaskFactory","2012-08-09 07:39:20","FINISHED","2012-08-08 10:24:43","68"
"270","2012-08-09 07:39:36","Parse SCM logs","1","org.metricminer.tasks.scm.ParseSCMLogTaskFactory","2012-08-09 07:39:30","FINISHED","2012-08-08 10:24:43","68"
"271","2012-08-09 07:39:40","Remove source code directory","2","org.metricminer.tasks.scm.RemoveSourceDirectoryTaskFactory","2012-08-09 07:39:40","FINISHED","2012-08-08 10:24:43","68"
"272","2012-08-09 07:39:50","Calculate all metrics","3","org.metricminer.tasks.metric.CalculateAllMetricsTaskFactory","2012-08-09 07:39:50","FINISHED","2012-08-08 10:24:43","68"
"273","2012-08-09 07:40:07","Clone SCM","0","org.metricminer.tasks.scm.SCMCloneTaskFactory","2012-08-09 07:40:00","FINISHED","2012-08-08 10:24:45","69"
"274","2012-08-09 07:40:13","Parse SCM logs","1","org.metricminer.tasks.scm.ParseSCMLogTaskFactory","2012-08-09 07:40:10","FINISHED","2012-08-08 10:24:45","69"
"275","2012-08-09 07:40:20","Remove source code directory","2","org.metricminer.tasks.scm.RemoveSourceDirectoryTaskFactory","2012-08-09 07:40:20","FINISHED","2012-08-08 10:24:45","69"
"276","2012-08-09 07:40:30","Calculate all metrics","3","org.metricminer.tasks.metric.CalculateAllMetricsTaskFactory","2012-08-09 07:40:30","FINISHED","2012-08-08 10:24:45","69"
"277","2012-08-09 07:56:53","Clone SCM","0","org.metricminer.tasks.scm.SCMCloneTaskFactory","2012-08-09 07:40:40","FINISHED","2012-08-08 10:24:58","70"
"278","2012-08-09 08:34:17","Parse SCM logs","1","org.metricminer.tasks.scm.ParseSCMLogTaskFactory","2012-08-09 07:57:00","FINISHED","2012-08-08 10:24:58","70"
"279","2012-08-09 08:34:21","Remove source code directory","2","org.metricminer.tasks.scm.RemoveSourceDirectoryTaskFactory","2012-08-09 08:34:20","FINISHED","2012-08-08 10:24:58","70"
"280","2012-08-09 08:41:41","Calculate all metrics","3","org.metricminer.tasks.metric.CalculateAllMetricsTaskFactory","2012-08-09 08:34:30","FINISHED","2012-08-08 10:24:58","70"
"281","2012-08-09 08:43:04","Clone SCM","0","org.metricminer.tasks.scm.SCMCloneTaskFactory","2012-08-09 08:41:50","FINISHED","2012-08-08 10:25:00","71"
"282","2012-08-09 08:44:32","Parse SCM logs","1","org.metricminer.tasks.scm.ParseSCMLogTaskFactory","2012-08-09 08:43:10","FINISHED","2012-08-08 10:25:00","71"
"283","2012-08-09 08:44:40","Remove source code directory","2","org.metricminer.tasks.scm.RemoveSourceDirectoryTaskFactory","2012-08-09 08:44:40","FINISHED","2012-08-08 10:25:00","71"
"284","2012-08-09 08:45:11","Calculate all metrics","3","org.metricminer.tasks.metric.CalculateAllMetricsTaskFactory","2012-08-09 08:44:50","FINISHED","2012-08-08 10:25:00","71"
"285","2012-08-09 08:45:36","Clone SCM","0","org.metricminer.tasks.scm.SCMCloneTaskFactory","2012-08-09 08:45:20","FINISHED","2012-08-08 10:25:02","72"
"286","2012-08-09 08:46:26","Parse SCM logs","1","org.metricminer.tasks.scm.ParseSCMLogTaskFactory","2012-08-09 08:45:40","FINISHED","2012-08-08 10:25:02","72"
"287","2012-08-09 08:46:30","Remove source code directory","2","org.metricminer.tasks.scm.RemoveSourceDirectoryTaskFactory","2012-08-09 08:46:30","FINISHED","2012-08-08 10:25:02","72"
"288","2012-08-09 08:46:43","Calculate all metrics","3","org.metricminer.tasks.metric.CalculateAllMetricsTaskFactory","2012-08-09 08:46:40","FINISHED","2012-08-08 10:25:02","72"
"289","2012-08-09 08:47:03","Clone SCM","0","org.metricminer.tasks.scm.SCMCloneTaskFactory","2012-08-09 08:46:50","FINISHED","2012-08-08 10:25:09","73"
"290","2012-08-09 08:50:15","Parse SCM logs","1","org.metricminer.tasks.scm.ParseSCMLogTaskFactory","2012-08-09 08:47:10","FINISHED","2012-08-08 10:25:09","73"
"291","2012-08-09 08:50:33","Remove source code directory","2","org.metricminer.tasks.scm.RemoveSourceDirectoryTaskFactory","2012-08-09 08:50:33","FINISHED","2012-08-08 10:25:09","73"
"292","2012-08-09 09:03:38","Calculate all metrics","3","org.metricminer.tasks.metric.CalculateAllMetricsTaskFactory","2012-08-09 08:50:40","FINISHED","2012-08-08 10:25:09","73"
"293","2012-08-09 09:04:59","Clone SCM","0","org.metricminer.tasks.scm.SCMCloneTaskFactory","2012-08-09 09:03:40","FINISHED","2012-08-08 10:25:11","74"
"294","2012-08-09 09:25:29","Parse SCM logs","1","org.metricminer.tasks.scm.ParseSCMLogTaskFactory","2012-08-09 09:05:10","FINISHED","2012-08-08 10:25:11","74"
"295","2012-08-09 09:25:32","Remove source code directory","2","org.metricminer.tasks.scm.RemoveSourceDirectoryTaskFactory","2012-08-09 09:25:30","FINISHED","2012-08-08 10:25:11","74"
"296","2012-08-09 09:33:38","Calculate all metrics","3","org.metricminer.tasks.metric.CalculateAllMetricsTaskFactory","2012-08-09 09:25:40","FINISHED","2012-08-08 10:25:11","74"
"297","2012-08-09 09:33:52","Clone SCM","0","org.metricminer.tasks.scm.SCMCloneTaskFactory","2012-08-09 09:33:40","FINISHED","2012-08-08 10:25:13","75"
"298","2012-08-09 09:34:05","Parse SCM logs","1","org.metricminer.tasks.scm.ParseSCMLogTaskFactory","2012-08-09 09:34:00","FINISHED","2012-08-08 10:25:13","75"
"299","2012-08-09 09:34:10","Remove source code directory","2","org.metricminer.tasks.scm.RemoveSourceDirectoryTaskFactory","2012-08-09 09:34:10","FINISHED","2012-08-08 10:25:13","75"
"300","2012-08-09 09:34:20","Calculate all metrics","3","org.metricminer.tasks.metric.CalculateAllMetricsTaskFactory","2012-08-09 09:34:20","FINISHED","2012-08-08 10:25:13","75"
"301","2012-08-09 09:36:35","Clone SCM","0","org.metricminer.tasks.scm.SCMCloneTaskFactory","2012-08-09 09:34:30","FINISHED","2012-08-08 10:25:15","76"
"302","2012-08-09 09:50:36","Parse SCM logs","1","org.metricminer.tasks.scm.ParseSCMLogTaskFactory","2012-08-09 09:36:40","FINISHED","2012-08-08 10:25:15","76"
"303","2012-08-09 09:50:43","Remove source code directory","2","org.metricminer.tasks.scm.RemoveSourceDirectoryTaskFactory","2012-08-09 09:50:40","FINISHED","2012-08-08 10:25:15","76"
"304","2012-08-09 09:51:11","Calculate all metrics","3","org.metricminer.tasks.metric.CalculateAllMetricsTaskFactory","2012-08-09 09:50:50","FINISHED","2012-08-08 10:25:15","76"
"305","2012-08-09 09:56:07","Clone SCM","0","org.metricminer.tasks.scm.SCMCloneTaskFactory","2012-08-09 09:51:20","FINISHED","2012-08-08 10:25:17","77"
"306","2012-08-09 11:46:03","Parse SCM logs","1","org.metricminer.tasks.scm.ParseSCMLogTaskFactory","2012-08-09 09:56:10","FINISHED","2012-08-08 10:25:17","77"
"307","2012-08-09 11:46:16","Remove source code directory","2","org.metricminer.tasks.scm.RemoveSourceDirectoryTaskFactory","2012-08-09 11:46:10","FINISHED","2012-08-08 10:25:17","77"
"308","2012-08-09 11:48:15","Calculate all metrics","3","org.metricminer.tasks.metric.CalculateAllMetricsTaskFactory","2012-08-09 11:46:20","FINISHED","2012-08-08 10:25:17","77"
"309","2012-08-09 11:48:48","Clone SCM","0","org.metricminer.tasks.scm.SCMCloneTaskFactory","2012-08-09 11:48:20","FINISHED","2012-08-08 10:25:20","78"
"310","2012-08-09 11:49:10","Parse SCM logs","1","org.metricminer.tasks.scm.ParseSCMLogTaskFactory","2012-08-09 11:48:50","FINISHED","2012-08-08 10:25:20","78"
"311","2012-08-09 11:49:20","Remove source code directory","2","org.metricminer.tasks.scm.RemoveSourceDirectoryTaskFactory","2012-08-09 11:49:20","FINISHED","2012-08-08 10:25:20","78"
"312","2012-08-09 11:49:32","Calculate all metrics","3","org.metricminer.tasks.metric.CalculateAllMetricsTaskFactory","2012-08-09 11:49:30","FINISHED","2012-08-08 10:25:20","78"
"313","2012-08-09 11:51:10","Clone SCM","0","org.metricminer.tasks.scm.SCMCloneTaskFactory","2012-08-09 11:49:40","FINISHED","2012-08-08 10:25:22","79"
"314","2012-08-09 11:54:19","Parse SCM logs","1","org.metricminer.tasks.scm.ParseSCMLogTaskFactory","2012-08-09 11:51:20","FINISHED","2012-08-08 10:25:22","79"
"315","2012-08-09 11:54:20","Remove source code directory","2","org.metricminer.tasks.scm.RemoveSourceDirectoryTaskFactory","2012-08-09 11:54:20","FINISHED","2012-08-08 10:25:22","79"
"316","2012-08-09 11:55:22","Calculate all metrics","3","org.metricminer.tasks.metric.CalculateAllMetricsTaskFactory","2012-08-09 11:54:30","FINISHED","2012-08-08 10:25:22","79"
"317","2012-08-09 11:59:28","Clone SCM","0","org.metricminer.tasks.scm.SCMCloneTaskFactory","2012-08-09 11:55:30","FINISHED","2012-08-08 10:25:27","80"
"318","2012-08-09 12:20:56","Parse SCM logs","1","org.metricminer.tasks.scm.ParseSCMLogTaskFactory","2012-08-09 11:59:30","FINISHED","2012-08-08 10:25:27","80"
"319","2012-08-09 12:21:00","Remove source code directory","2","org.metricminer.tasks.scm.RemoveSourceDirectoryTaskFactory","2012-08-09 12:21:00","FINISHED","2012-08-08 10:25:27","80"
"320","2012-08-09 12:28:30","Calculate all metrics","3","org.metricminer.tasks.metric.CalculateAllMetricsTaskFactory","2012-08-09 12:21:12","FINISHED","2012-08-08 10:25:27","80"
"321","2012-08-09 12:35:00","Clone SCM","0","org.metricminer.tasks.scm.SCMCloneTaskFactory","2012-08-09 12:28:40","FINISHED","2012-08-08 10:25:35","81"
"322","2012-08-09 12:58:49","Parse SCM logs","1","org.metricminer.tasks.scm.ParseSCMLogTaskFactory","2012-08-09 12:35:10","FINISHED","2012-08-08 10:25:35","81"
"323","2012-08-09 12:58:50","Remove source code directory","2","org.metricminer.tasks.scm.RemoveSourceDirectoryTaskFactory","2012-08-09 12:58:50","FINISHED","2012-08-08 10:25:35","81"
"324","2012-08-09 13:03:02","Calculate all metrics","3","org.metricminer.tasks.metric.CalculateAllMetricsTaskFactory","2012-08-09 12:59:00","FINISHED","2012-08-08 10:25:35","81"
"325","2012-08-09 13:03:36","Clone SCM","0","org.metricminer.tasks.scm.SCMCloneTaskFactory","2012-08-09 13:03:11","FINISHED","2012-08-08 10:25:55","82"
"326","2012-08-09 13:06:43","Parse SCM logs","1","org.metricminer.tasks.scm.ParseSCMLogTaskFactory","2012-08-09 13:03:40","FINISHED","2012-08-08 10:25:55","82"
"327","2012-08-09 13:06:50","Remove source code directory","2","org.metricminer.tasks.scm.RemoveSourceDirectoryTaskFactory","2012-08-09 13:06:50","FINISHED","2012-08-08 10:25:55","82"
"328","2012-08-09 13:08:10","Calculate all metrics","3","org.metricminer.tasks.metric.CalculateAllMetricsTaskFactory","2012-08-09 13:07:00","FINISHED","2012-08-08 10:25:55","82"
"329","2012-08-09 13:09:45","Clone SCM","0","org.metricminer.tasks.scm.SCMCloneTaskFactory","2012-08-09 13:08:20","FINISHED","2012-08-08 10:25:57","83"
"330","2012-08-09 13:16:12","Parse SCM logs","1","org.metricminer.tasks.scm.ParseSCMLogTaskFactory","2012-08-09 13:09:50","FINISHED","2012-08-08 10:25:57","83"
"331","2012-08-09 13:16:20","Remove source code directory","2","org.metricminer.tasks.scm.RemoveSourceDirectoryTaskFactory","2012-08-09 13:16:20","FINISHED","2012-08-08 10:25:57","83"
"332","2012-08-09 13:22:02","Calculate all metrics","3","org.metricminer.tasks.metric.CalculateAllMetricsTaskFactory","2012-08-09 13:16:30","FINISHED","2012-08-08 10:25:57","83"
"333","2012-08-09 13:23:11","Clone SCM","0","org.metricminer.tasks.scm.SCMCloneTaskFactory","2012-08-09 13:22:10","FINISHED","2012-08-08 10:25:59","84"
"334","2012-08-09 13:23:53","Parse SCM logs","1","org.metricminer.tasks.scm.ParseSCMLogTaskFactory","2012-08-09 13:23:20","FINISHED","2012-08-08 10:25:59","84"
"335","2012-08-09 13:24:00","Remove source code directory","2","org.metricminer.tasks.scm.RemoveSourceDirectoryTaskFactory","2012-08-09 13:24:00","FINISHED","2012-08-08 10:25:59","84"
"336","2012-08-09 13:24:13","Calculate all metrics","3","org.metricminer.tasks.metric.CalculateAllMetricsTaskFactory","2012-08-09 13:24:10","FINISHED","2012-08-08 10:25:59","84"
"337","2012-08-09 13:24:55","Clone SCM","0","org.metricminer.tasks.scm.SCMCloneTaskFactory","2012-08-09 13:24:20","FINISHED","2012-08-08 10:26:04","85"
"338","2012-08-09 13:28:55","Parse SCM logs","1","org.metricminer.tasks.scm.ParseSCMLogTaskFactory","2012-08-09 13:25:00","FINISHED","2012-08-08 10:26:04","85"
"339","2012-08-09 13:29:00","Remove source code directory","2","org.metricminer.tasks.scm.RemoveSourceDirectoryTaskFactory","2012-08-09 13:29:00","FINISHED","2012-08-08 10:26:04","85"
"340","2012-08-09 13:30:47","Calculate all metrics","3","org.metricminer.tasks.metric.CalculateAllMetricsTaskFactory","2012-08-09 13:29:10","FINISHED","2012-08-08 10:26:04","85"
"341","2012-08-09 13:30:56","Clone SCM","0","org.metricminer.tasks.scm.SCMCloneTaskFactory","2012-08-09 13:30:50","FINISHED","2012-08-08 10:26:07","86"
"342","2012-08-09 13:31:14","Parse SCM logs","1","org.metricminer.tasks.scm.ParseSCMLogTaskFactory","2012-08-09 13:31:00","FINISHED","2012-08-08 10:26:07","86"
"343","2012-08-09 13:31:20","Remove source code directory","2","org.metricminer.tasks.scm.RemoveSourceDirectoryTaskFactory","2012-08-09 13:31:20","FINISHED","2012-08-08 10:26:07","86"
"344","2012-08-09 13:31:32","Calculate all metrics","3","org.metricminer.tasks.metric.CalculateAllMetricsTaskFactory","2012-08-09 13:31:30","FINISHED","2012-08-08 10:26:07","86"
"345","2012-08-09 13:32:01","Clone SCM","0","org.metricminer.tasks.scm.SCMCloneTaskFactory","2012-08-09 13:31:40","FINISHED","2012-08-08 10:26:14","87"
"346","2012-08-09 13:32:43","Parse SCM logs","1","org.metricminer.tasks.scm.ParseSCMLogTaskFactory","2012-08-09 13:32:10","FINISHED","2012-08-08 10:26:14","87"
"347","2012-08-09 13:32:50","Remove source code directory","2","org.metricminer.tasks.scm.RemoveSourceDirectoryTaskFactory","2012-08-09 13:32:50","FINISHED","2012-08-08 10:26:14","87"
"348","2012-08-09 13:33:15","Calculate all metrics","3","org.metricminer.tasks.metric.CalculateAllMetricsTaskFactory","2012-08-09 13:33:00","FINISHED","2012-08-08 10:26:14","87"
"349","2012-08-09 13:33:22","Clone SCM","0","org.metricminer.tasks.scm.SCMCloneTaskFactory","2012-08-09 13:33:20","FINISHED","2012-08-08 10:26:17","88"
"350","2012-08-09 13:33:30","Parse SCM logs","1","org.metricminer.tasks.scm.ParseSCMLogTaskFactory","2012-08-09 13:33:30","FINISHED","2012-08-08 10:26:17","88"
"351","2012-08-09 13:33:40","Remove source code directory","2","org.metricminer.tasks.scm.RemoveSourceDirectoryTaskFactory","2012-08-09 13:33:40","FINISHED","2012-08-08 10:26:17","88"
"352","2012-08-09 13:33:50","Calculate all metrics","3","org.metricminer.tasks.metric.CalculateAllMetricsTaskFactory","2012-08-09 13:33:50","FINISHED","2012-08-08 10:26:17","88"
"353","2012-08-09 13:34:02","Clone SCM","0","org.metricminer.tasks.scm.SCMCloneTaskFactory","2012-08-09 13:34:00","FINISHED","2012-08-08 10:26:19","89"
"354","2012-08-09 13:34:10","Parse SCM logs","1","org.metricminer.tasks.scm.ParseSCMLogTaskFactory","2012-08-09 13:34:10","FINISHED","2012-08-08 10:26:19","89"
"355","2012-08-09 13:34:20","Remove source code directory","2","org.metricminer.tasks.scm.RemoveSourceDirectoryTaskFactory","2012-08-09 13:34:20","FINISHED","2012-08-08 10:26:19","89"
"356","2012-08-09 13:34:30","Calculate all metrics","3","org.metricminer.tasks.metric.CalculateAllMetricsTaskFactory","2012-08-09 13:34:30","FINISHED","2012-08-08 10:26:19","89"
"357","2012-08-09 13:34:44","Clone SCM","0","org.metricminer.tasks.scm.SCMCloneTaskFactory","2012-08-09 13:34:40","FINISHED","2012-08-08 10:26:26","90"
"358","2012-08-09 13:34:50","Parse SCM logs","1","org.metricminer.tasks.scm.ParseSCMLogTaskFactory","2012-08-09 13:34:50","FINISHED","2012-08-08 10:26:26","90"
"359","2012-08-09 13:35:00","Remove source code directory","2","org.metricminer.tasks.scm.RemoveSourceDirectoryTaskFactory","2012-08-09 13:35:00","FINISHED","2012-08-08 10:26:26","90"
"360","2012-08-09 13:35:10","Calculate all metrics","3","org.metricminer.tasks.metric.CalculateAllMetricsTaskFactory","2012-08-09 13:35:10","FINISHED","2012-08-08 10:26:26","90"
"361","2012-08-09 13:37:19","Clone SCM","0","org.metricminer.tasks.scm.SCMCloneTaskFactory","2012-08-09 13:35:20","FINISHED","2012-08-08 10:26:36","91"
"362","2012-08-09 13:46:48","Parse SCM logs","1","org.metricminer.tasks.scm.ParseSCMLogTaskFactory","2012-08-09 13:37:20","FINISHED","2012-08-08 10:26:36","91"
"363","2012-08-09 13:46:50","Remove source code directory","2","org.metricminer.tasks.scm.RemoveSourceDirectoryTaskFactory","2012-08-09 13:46:50","FINISHED","2012-08-08 10:26:36","91"
"364","2012-08-09 13:49:37","Calculate all metrics","3","org.metricminer.tasks.metric.CalculateAllMetricsTaskFactory","2012-08-09 13:47:00","FINISHED","2012-08-08 10:26:36","91"
"365","2012-08-09 13:50:22","Clone SCM","0","org.metricminer.tasks.scm.SCMCloneTaskFactory","2012-08-09 13:49:40","FINISHED","2012-08-08 10:26:39","92"
"366","2012-08-09 13:50:48","Parse SCM logs","1","org.metricminer.tasks.scm.ParseSCMLogTaskFactory","2012-08-09 13:50:30","FINISHED","2012-08-08 10:26:39","92"
"367","2012-08-09 13:50:50","Remove source code directory","2","org.metricminer.tasks.scm.RemoveSourceDirectoryTaskFactory","2012-08-09 13:50:50","FINISHED","2012-08-08 10:26:39","92"
"368","2012-08-09 13:51:13","Calculate all metrics","3","org.metricminer.tasks.metric.CalculateAllMetricsTaskFactory","2012-08-09 13:51:00","FINISHED","2012-08-08 10:26:39","92"
"369","2012-08-09 13:52:17","Clone SCM","0","org.metricminer.tasks.scm.SCMCloneTaskFactory","2012-08-09 13:51:20","FINISHED","2012-08-08 10:26:41","93"
"370","2012-08-09 13:55:22","Parse SCM logs","1","org.metricminer.tasks.scm.ParseSCMLogTaskFactory","2012-08-09 13:52:20","FINISHED","2012-08-08 10:26:41","93"
"371","2012-08-09 13:55:30","Remove source code directory","2","org.metricminer.tasks.scm.RemoveSourceDirectoryTaskFactory","2012-08-09 13:55:30","FINISHED","2012-08-08 10:26:41","93"
"372","2012-08-09 13:56:28","Calculate all metrics","3","org.metricminer.tasks.metric.CalculateAllMetricsTaskFactory","2012-08-09 13:55:40","FINISHED","2012-08-08 10:26:41","93"
"373","2012-08-09 13:57:37","Clone SCM","0","org.metricminer.tasks.scm.SCMCloneTaskFactory","2012-08-09 13:56:30","FINISHED","2012-08-08 10:26:43","94"
"374","2012-08-09 14:06:04","Parse SCM logs","1","org.metricminer.tasks.scm.ParseSCMLogTaskFactory","2012-08-09 13:57:40","FINISHED","2012-08-08 10:26:43","94"
"375","2012-08-09 14:06:21","Remove source code directory","2","org.metricminer.tasks.scm.RemoveSourceDirectoryTaskFactory","2012-08-09 14:06:20","FINISHED","2012-08-08 10:26:43","94"
"376","2012-08-09 14:44:03","Calculate all metrics","3","org.metricminer.tasks.metric.CalculateAllMetricsTaskFactory","2012-08-09 14:06:30","FINISHED","2012-08-08 10:26:43","94"
"377","2012-08-09 14:48:32","Clone SCM","0","org.metricminer.tasks.scm.SCMCloneTaskFactory","2012-08-09 14:44:10","FINISHED","2012-08-08 10:26:50","95"
"378","2012-08-09 16:18:20","Parse SCM logs","1","org.metricminer.tasks.scm.ParseSCMLogTaskFactory","2012-08-09 14:48:40","FINISHED","2012-08-08 10:26:50","95"
"379","2012-08-09 16:18:33","Remove source code directory","2","org.metricminer.tasks.scm.RemoveSourceDirectoryTaskFactory","2012-08-09 16:18:30","FINISHED","2012-08-08 10:26:50","95"
"380","2012-08-09 17:25:52","Calculate all metrics","3","org.metricminer.tasks.metric.CalculateAllMetricsTaskFactory","2012-08-09 16:18:40","FINISHED","2012-08-08 10:26:50","95"
"381","2012-08-09 17:26:10","Clone SCM","0","org.metricminer.tasks.scm.SCMCloneTaskFactory","2012-08-09 17:26:00","FINISHED","2012-08-08 10:26:52","96"
"382","2012-08-09 17:27:27","Parse SCM logs","1","org.metricminer.tasks.scm.ParseSCMLogTaskFactory","2012-08-09 17:26:20","FINISHED","2012-08-08 10:26:52","96"
"383","2012-08-09 17:27:30","Remove source code directory","2","org.metricminer.tasks.scm.RemoveSourceDirectoryTaskFactory","2012-08-09 17:27:30","FINISHED","2012-08-08 10:26:52","96"
"384","2012-08-09 17:28:10","Calculate all metrics","3","org.metricminer.tasks.metric.CalculateAllMetricsTaskFactory","2012-08-09 17:27:40","FINISHED","2012-08-08 10:26:52","96"
"385","2012-08-09 17:28:56","Clone SCM","0","org.metricminer.tasks.scm.SCMCloneTaskFactory","2012-08-09 17:28:20","FINISHED","2012-08-08 10:26:59","97"
"386","2012-08-09 17:29:24","Parse SCM logs","1","org.metricminer.tasks.scm.ParseSCMLogTaskFactory","2012-08-09 17:29:00","FINISHED","2012-08-08 10:26:59","97"
"387","2012-08-09 17:29:30","Remove source code directory","2","org.metricminer.tasks.scm.RemoveSourceDirectoryTaskFactory","2012-08-09 17:29:30","FINISHED","2012-08-08 10:26:59","97"
"388","2012-08-09 17:29:53","Calculate all metrics","3","org.metricminer.tasks.metric.CalculateAllMetricsTaskFactory","2012-08-09 17:29:40","FINISHED","2012-08-08 10:26:59","97"
"389","2012-08-09 17:36:08","Clone SCM","0","org.metricminer.tasks.scm.SCMCloneTaskFactory","2012-08-09 17:30:00","FINISHED","2012-08-08 10:27:02","98"
"390","2012-08-09 18:45:39","Parse SCM logs","1","org.metricminer.tasks.scm.ParseSCMLogTaskFactory","2012-08-09 17:36:10","FINISHED","2012-08-08 10:27:02","98"
"391","2012-08-09 18:45:41","Remove source code directory","2","org.metricminer.tasks.scm.RemoveSourceDirectoryTaskFactory","2012-08-09 18:45:40","FINISHED","2012-08-08 10:27:02","98"
"392","2012-08-09 19:13:40","Calculate all metrics","3","org.metricminer.tasks.metric.CalculateAllMetricsTaskFactory","2012-08-09 18:45:51","FINISHED","2012-08-08 10:27:02","98"
"393","2012-08-09 19:15:12","Clone SCM","0","org.metricminer.tasks.scm.SCMCloneTaskFactory","2012-08-09 19:13:50","FINISHED","2012-08-08 10:27:18","99"
"394","2012-08-09 19:19:11","Parse SCM logs","1","org.metricminer.tasks.scm.ParseSCMLogTaskFactory","2012-08-09 19:15:20","FINISHED","2012-08-08 10:27:18","99"
"395","2012-08-09 19:19:20","Remove source code directory","2","org.metricminer.tasks.scm.RemoveSourceDirectoryTaskFactory","2012-08-09 19:19:20","FINISHED","2012-08-08 10:27:18","99"
"396","2012-08-09 19:21:14","Calculate all metrics","3","org.metricminer.tasks.metric.CalculateAllMetricsTaskFactory","2012-08-09 19:19:30","FINISHED","2012-08-08 10:27:18","99"
"397","2012-08-09 19:22:04","Clone SCM","0","org.metricminer.tasks.scm.SCMCloneTaskFactory","2012-08-09 19:21:20","FINISHED","2012-08-08 10:27:20","100"
"398","2012-08-09 19:26:30","Parse SCM logs","1","org.metricminer.tasks.scm.ParseSCMLogTaskFactory","2012-08-09 19:22:10","FINISHED","2012-08-08 10:27:20","100"
"399","2012-08-09 19:26:40","Remove source code directory","2","org.metricminer.tasks.scm.RemoveSourceDirectoryTaskFactory","2012-08-09 19:26:40","FINISHED","2012-08-08 10:27:20","100"
"400","2012-08-09 19:28:59","Calculate all metrics","3","org.metricminer.tasks.metric.CalculateAllMetricsTaskFactory","2012-08-09 19:26:50","FINISHED","2012-08-08 10:27:20","100"
"401","2012-08-09 19:31:35","Clone SCM","0","org.metricminer.tasks.scm.SCMCloneTaskFactory","2012-08-09 19:29:00","FINISHED","2012-08-08 10:27:22","101"
"402","2012-08-09 19:33:28","Parse SCM logs","1","org.metricminer.tasks.scm.ParseSCMLogTaskFactory","2012-08-09 19:31:40","FINISHED","2012-08-08 10:27:22","101"
"403","2012-08-09 19:33:30","Remove source code directory","2","org.metricminer.tasks.scm.RemoveSourceDirectoryTaskFactory","2012-08-09 19:33:30","FINISHED","2012-08-08 10:27:22","101"
"404","2012-08-09 19:34:10","Calculate all metrics","3","org.metricminer.tasks.metric.CalculateAllMetricsTaskFactory","2012-08-09 19:33:40","FINISHED","2012-08-08 10:27:22","101"
"405","2012-08-09 19:35:38","Clone SCM","0","org.metricminer.tasks.scm.SCMCloneTaskFactory","2012-08-09 19:34:20","FINISHED","2012-08-08 10:27:24","102"
"406","2012-08-09 19:45:19","Parse SCM logs","1","org.metricminer.tasks.scm.ParseSCMLogTaskFactory","2012-08-09 19:35:40","FINISHED","2012-08-08 10:27:24","102"
"407","2012-08-09 19:45:21","Remove source code directory","2","org.metricminer.tasks.scm.RemoveSourceDirectoryTaskFactory","2012-08-09 19:45:20","FINISHED","2012-08-08 10:27:24","102"
"408","2012-08-09 19:46:05","Calculate all metrics","3","org.metricminer.tasks.metric.CalculateAllMetricsTaskFactory","2012-08-09 19:45:30","FINISHED","2012-08-08 10:27:24","102"
"409","2012-08-09 19:50:48","Clone SCM","0","org.metricminer.tasks.scm.SCMCloneTaskFactory","2012-08-09 19:46:10","FINISHED","2012-08-08 10:27:26","103"
"410","2012-08-09 20:08:49","Parse SCM logs","1","org.metricminer.tasks.scm.ParseSCMLogTaskFactory","2012-08-09 19:50:50","FINISHED","2012-08-08 10:27:26","103"
"411","2012-08-09 20:08:50","Remove source code directory","2","org.metricminer.tasks.scm.RemoveSourceDirectoryTaskFactory","2012-08-09 20:08:50","FINISHED","2012-08-08 10:27:26","103"
"412","2012-08-09 20:14:33","Calculate all metrics","3","org.metricminer.tasks.metric.CalculateAllMetricsTaskFactory","2012-08-09 20:09:00","FINISHED","2012-08-08 10:27:26","103"
"413","2012-08-09 20:16:14","Clone SCM","0","org.metricminer.tasks.scm.SCMCloneTaskFactory","2012-08-09 20:14:40","FINISHED","2012-08-08 10:27:34","104"
"414","2012-08-09 20:17:06","Parse SCM logs","1","org.metricminer.tasks.scm.ParseSCMLogTaskFactory","2012-08-09 20:16:20","FINISHED","2012-08-08 10:27:34","104"
"415","2012-08-09 20:17:10","Remove source code directory","2","org.metricminer.tasks.scm.RemoveSourceDirectoryTaskFactory","2012-08-09 20:17:10","FINISHED","2012-08-08 10:27:34","104"
"416","2012-08-09 20:17:30","Calculate all metrics","3","org.metricminer.tasks.metric.CalculateAllMetricsTaskFactory","2012-08-09 20:17:20","FINISHED","2012-08-08 10:27:34","104"
"417","2012-08-09 20:18:27","Clone SCM","0","org.metricminer.tasks.scm.SCMCloneTaskFactory","2012-08-09 20:17:40","FINISHED","2012-08-08 10:27:36","105"
"418","2012-08-09 20:32:42","Parse SCM logs","1","org.metricminer.tasks.scm.ParseSCMLogTaskFactory","2012-08-09 20:18:30","FINISHED","2012-08-08 10:27:36","105"
"419","2012-08-09 20:32:50","Remove source code directory","2","org.metricminer.tasks.scm.RemoveSourceDirectoryTaskFactory","2012-08-09 20:32:50","FINISHED","2012-08-08 10:27:36","105"
"420","2012-08-09 20:47:17","Calculate all metrics","3","org.metricminer.tasks.metric.CalculateAllMetricsTaskFactory","2012-08-09 20:33:02","FINISHED","2012-08-08 10:27:36","105"
"421","2012-08-09 20:47:59","Clone SCM","0","org.metricminer.tasks.scm.SCMCloneTaskFactory","2012-08-09 20:47:20","FINISHED","2012-08-08 10:27:38","106"
"422","2012-08-09 20:48:15","Parse SCM logs","1","org.metricminer.tasks.scm.ParseSCMLogTaskFactory","2012-08-09 20:48:00","FINISHED","2012-08-08 10:27:38","106"
"423","2012-08-09 20:48:20","Remove source code directory","2","org.metricminer.tasks.scm.RemoveSourceDirectoryTaskFactory","2012-08-09 20:48:20","FINISHED","2012-08-08 10:27:38","106"
"424","2012-08-09 20:48:35","Calculate all metrics","3","org.metricminer.tasks.metric.CalculateAllMetricsTaskFactory","2012-08-09 20:48:30","FINISHED","2012-08-08 10:27:38","106"
"425","2012-08-09 20:50:33","Clone SCM","0","org.metricminer.tasks.scm.SCMCloneTaskFactory","2012-08-09 20:48:40","FINISHED","2012-08-08 10:27:40","107"
"426","2012-08-09 20:54:07","Parse SCM logs","1","org.metricminer.tasks.scm.ParseSCMLogTaskFactory","2012-08-09 20:50:40","FINISHED","2012-08-08 10:27:40","107"
"427","2012-08-09 20:54:10","Remove source code directory","2","org.metricminer.tasks.scm.RemoveSourceDirectoryTaskFactory","2012-08-09 20:54:10","FINISHED","2012-08-08 10:27:40","107"
"428","2012-08-09 20:55:41","Calculate all metrics","3","org.metricminer.tasks.metric.CalculateAllMetricsTaskFactory","2012-08-09 20:54:20","FINISHED","2012-08-08 10:27:40","107"
"429","2012-08-09 20:56:05","Clone SCM","0","org.metricminer.tasks.scm.SCMCloneTaskFactory","2012-08-09 20:55:50","FINISHED","2012-08-08 10:27:42","108"
"430","2012-08-09 20:59:39","Parse SCM logs","1","org.metricminer.tasks.scm.ParseSCMLogTaskFactory","2012-08-09 20:56:10","FINISHED","2012-08-08 10:27:42","108"
"431","2012-08-09 20:59:40","Remove source code directory","2","org.metricminer.tasks.scm.RemoveSourceDirectoryTaskFactory","2012-08-09 20:59:40","FINISHED","2012-08-08 10:27:42","108"
"432","2012-08-09 21:01:29","Calculate all metrics","3","org.metricminer.tasks.metric.CalculateAllMetricsTaskFactory","2012-08-09 20:59:50","FINISHED","2012-08-08 10:27:42","108"
"433","2012-08-09 21:01:47","Clone SCM","0","org.metricminer.tasks.scm.SCMCloneTaskFactory","2012-08-09 21:01:30","FINISHED","2012-08-08 10:27:44","109"
"434","2012-08-09 21:02:00","Parse SCM logs","1","org.metricminer.tasks.scm.ParseSCMLogTaskFactory","2012-08-09 21:01:50","FINISHED","2012-08-08 10:27:44","109"
"435","2012-08-09 21:02:10","Remove source code directory","2","org.metricminer.tasks.scm.RemoveSourceDirectoryTaskFactory","2012-08-09 21:02:10","FINISHED","2012-08-08 10:27:44","109"
"436","2012-08-09 21:02:20","Calculate all metrics","3","org.metricminer.tasks.metric.CalculateAllMetricsTaskFactory","2012-08-09 21:02:20","FINISHED","2012-08-08 10:27:44","109"
"437","2012-08-09 21:06:29","Clone SCM","0","org.metricminer.tasks.scm.SCMCloneTaskFactory","2012-08-09 21:02:30","FINISHED","2012-08-08 10:27:55","110"
"438","2012-08-09 22:08:58","Parse SCM logs","1","org.metricminer.tasks.scm.ParseSCMLogTaskFactory","2012-08-09 21:06:30","FINISHED","2012-08-08 10:27:55","110"
"439","2012-08-09 22:09:03","Remove source code directory","2","org.metricminer.tasks.scm.RemoveSourceDirectoryTaskFactory","2012-08-09 22:09:03","FINISHED","2012-08-08 10:27:55","110"
"440","2012-08-09 22:29:44","Calculate all metrics","3","org.metricminer.tasks.metric.CalculateAllMetricsTaskFactory","2012-08-09 22:09:10","FINISHED","2012-08-08 10:27:55","110"
"441","2012-08-09 22:31:09","Clone SCM","0","org.metricminer.tasks.scm.SCMCloneTaskFactory","2012-08-09 22:29:50","FINISHED","2012-08-08 10:28:02","111"
"442","2012-08-09 22:33:33","Parse SCM logs","1","org.metricminer.tasks.scm.ParseSCMLogTaskFactory","2012-08-09 22:31:10","FINISHED","2012-08-08 10:28:02","111"
"443","2012-08-09 22:33:40","Remove source code directory","2","org.metricminer.tasks.scm.RemoveSourceDirectoryTaskFactory","2012-08-09 22:33:40","FINISHED","2012-08-08 10:28:02","111"
"444","2012-08-09 22:34:15","Calculate all metrics","3","org.metricminer.tasks.metric.CalculateAllMetricsTaskFactory","2012-08-09 22:33:50","FINISHED","2012-08-08 10:28:02","111"
"445","2012-08-09 22:34:27","Clone SCM","0","org.metricminer.tasks.scm.SCMCloneTaskFactory","2012-08-09 22:34:20","FINISHED","2012-08-08 10:28:07","112"
"446","2012-08-09 22:34:37","Parse SCM logs","1","org.metricminer.tasks.scm.ParseSCMLogTaskFactory","2012-08-09 22:34:30","FINISHED","2012-08-08 10:28:07","112"
"447","2012-08-09 22:34:40","Remove source code directory","2","org.metricminer.tasks.scm.RemoveSourceDirectoryTaskFactory","2012-08-09 22:34:40","FINISHED","2012-08-08 10:28:07","112"
"448","2012-08-09 22:34:50","Calculate all metrics","3","org.metricminer.tasks.metric.CalculateAllMetricsTaskFactory","2012-08-09 22:34:50","FINISHED","2012-08-08 10:28:07","112"
"449","2012-08-09 22:35:12","Clone SCM","0","org.metricminer.tasks.scm.SCMCloneTaskFactory","2012-08-09 22:35:00","FINISHED","2012-08-08 10:28:09","113"
"450","2012-08-09 22:35:54","Parse SCM logs","1","org.metricminer.tasks.scm.ParseSCMLogTaskFactory","2012-08-09 22:35:20","FINISHED","2012-08-08 10:28:09","113"
"451","2012-08-09 22:36:00","Remove source code directory","2","org.metricminer.tasks.scm.RemoveSourceDirectoryTaskFactory","2012-08-09 22:36:00","FINISHED","2012-08-08 10:28:09","113"
"452","2012-08-09 22:36:17","Calculate all metrics","3","org.metricminer.tasks.metric.CalculateAllMetricsTaskFactory","2012-08-09 22:36:10","FINISHED","2012-08-08 10:28:09","113"
"453","2012-08-09 22:38:12","Clone SCM","0","org.metricminer.tasks.scm.SCMCloneTaskFactory","2012-08-09 22:36:20","FINISHED","2012-08-08 10:28:11","114"
"454","2012-08-09 22:46:26","Parse SCM logs","1","org.metricminer.tasks.scm.ParseSCMLogTaskFactory","2012-08-09 22:38:20","FINISHED","2012-08-08 10:28:11","114"
"455","2012-08-09 22:46:30","Remove source code directory","2","org.metricminer.tasks.scm.RemoveSourceDirectoryTaskFactory","2012-08-09 22:46:30","FINISHED","2012-08-08 10:28:11","114"
"456","2012-08-09 22:47:20","Calculate all metrics","3","org.metricminer.tasks.metric.CalculateAllMetricsTaskFactory","2012-08-09 22:46:40","FINISHED","2012-08-08 10:28:11","114"
"457","2012-08-09 22:48:16","Clone SCM","0","org.metricminer.tasks.scm.SCMCloneTaskFactory","2012-08-09 22:47:30","FINISHED","2012-08-08 10:28:19","115"
"458","2012-08-09 22:52:55","Parse SCM logs","1","org.metricminer.tasks.scm.ParseSCMLogTaskFactory","2012-08-09 22:48:20","FINISHED","2012-08-08 10:28:19","115"
"459","2012-08-09 22:53:03","Remove source code directory","2","org.metricminer.tasks.scm.RemoveSourceDirectoryTaskFactory","2012-08-09 22:53:03","FINISHED","2012-08-08 10:28:19","115"
"460","2012-08-09 22:53:43","Calculate all metrics","3","org.metricminer.tasks.metric.CalculateAllMetricsTaskFactory","2012-08-09 22:53:10","FINISHED","2012-08-08 10:28:19","115"
"461","2012-08-09 22:54:10","Clone SCM","0","org.metricminer.tasks.scm.SCMCloneTaskFactory","2012-08-09 22:53:50","FINISHED","2012-08-08 10:28:21","116"
"462","2012-08-09 22:54:53","Parse SCM logs","1","org.metricminer.tasks.scm.ParseSCMLogTaskFactory","2012-08-09 22:54:20","FINISHED","2012-08-08 10:28:21","116"
"463","2012-08-09 22:55:08","Remove source code directory","2","org.metricminer.tasks.scm.RemoveSourceDirectoryTaskFactory","2012-08-09 22:55:00","FINISHED","2012-08-08 10:28:21","116"
"464","2012-08-09 22:55:13","Calculate all metrics","3","org.metricminer.tasks.metric.CalculateAllMetricsTaskFactory","2012-08-09 22:55:10","FINISHED","2012-08-08 10:28:21","116"
"465","2012-08-09 22:55:24","Clone SCM","0","org.metricminer.tasks.scm.SCMCloneTaskFactory","2012-08-09 22:55:20","FINISHED","2012-08-08 10:28:23","117"
"466","2012-08-09 22:56:45","Parse SCM logs","1","org.metricminer.tasks.scm.ParseSCMLogTaskFactory","2012-08-09 22:55:30","FINISHED","2012-08-08 10:28:23","117"
"467","2012-08-09 22:56:50","Remove source code directory","2","org.metricminer.tasks.scm.RemoveSourceDirectoryTaskFactory","2012-08-09 22:56:50","FINISHED","2012-08-08 10:28:23","117"
"468","2012-08-09 22:57:01","Calculate all metrics","3","org.metricminer.tasks.metric.CalculateAllMetricsTaskFactory","2012-08-09 22:57:00","FINISHED","2012-08-08 10:28:23","117"
"469","2012-08-09 22:57:17","Clone SCM","0","org.metricminer.tasks.scm.SCMCloneTaskFactory","2012-08-09 22:57:10","FINISHED","2012-08-08 10:28:25","118"
"470","2012-08-09 22:57:34","Parse SCM logs","1","org.metricminer.tasks.scm.ParseSCMLogTaskFactory","2012-08-09 22:57:20","FINISHED","2012-08-08 10:28:25","118"
"471","2012-08-09 22:57:40","Remove source code directory","2","org.metricminer.tasks.scm.RemoveSourceDirectoryTaskFactory","2012-08-09 22:57:40","FINISHED","2012-08-08 10:28:25","118"
"472","2012-08-09 22:57:51","Calculate all metrics","3","org.metricminer.tasks.metric.CalculateAllMetricsTaskFactory","2012-08-09 22:57:50","FINISHED","2012-08-08 10:28:25","118"
"473","2012-08-09 22:58:18","Clone SCM","0","org.metricminer.tasks.scm.SCMCloneTaskFactory","2012-08-09 22:58:00","FINISHED","2012-08-08 10:28:32","119"
"474","2012-08-09 22:58:33","Parse SCM logs","1","org.metricminer.tasks.scm.ParseSCMLogTaskFactory","2012-08-09 22:58:20","FINISHED","2012-08-08 10:28:32","119"
"475","2012-08-09 22:58:40","Remove source code directory","2","org.metricminer.tasks.scm.RemoveSourceDirectoryTaskFactory","2012-08-09 22:58:40","FINISHED","2012-08-08 10:28:32","119"
"476","2012-08-09 22:58:51","Calculate all metrics","3","org.metricminer.tasks.metric.CalculateAllMetricsTaskFactory","2012-08-09 22:58:50","FINISHED","2012-08-08 10:28:32","119"
"477","2012-08-09 22:59:11","Clone SCM","0","org.metricminer.tasks.scm.SCMCloneTaskFactory","2012-08-09 22:59:00","FINISHED","2012-08-08 10:28:34","120"
"478","2012-08-09 22:59:25","Parse SCM logs","1","org.metricminer.tasks.scm.ParseSCMLogTaskFactory","2012-08-09 22:59:20","FINISHED","2012-08-08 10:28:34","120"
"479","2012-08-09 22:59:30","Remove source code directory","2","org.metricminer.tasks.scm.RemoveSourceDirectoryTaskFactory","2012-08-09 22:59:30","FINISHED","2012-08-08 10:28:34","120"
"480","2012-08-09 22:59:40","Calculate all metrics","3","org.metricminer.tasks.metric.CalculateAllMetricsTaskFactory","2012-08-09 22:59:40","FINISHED","2012-08-08 10:28:34","120"
"481","2012-08-09 23:00:09","Clone SCM","0","org.metricminer.tasks.scm.SCMCloneTaskFactory","2012-08-09 22:59:50","FINISHED","2012-08-08 10:28:36","121"
"482","2012-08-09 23:01:12","Parse SCM logs","1","org.metricminer.tasks.scm.ParseSCMLogTaskFactory","2012-08-09 23:00:10","FINISHED","2012-08-08 10:28:36","121"
"483","2012-08-09 23:01:20","Remove source code directory","2","org.metricminer.tasks.scm.RemoveSourceDirectoryTaskFactory","2012-08-09 23:01:20","FINISHED","2012-08-08 10:28:36","121"
"484","2012-08-09 23:01:53","Calculate all metrics","3","org.metricminer.tasks.metric.CalculateAllMetricsTaskFactory","2012-08-09 23:01:30","FINISHED","2012-08-08 10:28:36","121"
"485","2012-08-09 23:02:36","Clone SCM","0","org.metricminer.tasks.scm.SCMCloneTaskFactory","2012-08-09 23:02:00","FINISHED","2012-08-08 10:28:47","122"
"486","2012-08-09 23:03:56","Parse SCM logs","1","org.metricminer.tasks.scm.ParseSCMLogTaskFactory","2012-08-09 23:02:40","FINISHED","2012-08-08 10:28:47","122"
"487","2012-08-09 23:04:00","Remove source code directory","2","org.metricminer.tasks.scm.RemoveSourceDirectoryTaskFactory","2012-08-09 23:04:00","FINISHED","2012-08-08 10:28:47","122"
"488","2012-08-09 23:04:18","Calculate all metrics","3","org.metricminer.tasks.metric.CalculateAllMetricsTaskFactory","2012-08-09 23:04:10","FINISHED","2012-08-08 10:28:47","122"
"489","2012-08-09 23:04:37","Clone SCM","0","org.metricminer.tasks.scm.SCMCloneTaskFactory","2012-08-09 23:04:20","FINISHED","2012-08-08 10:28:49","123"
"490","2012-08-09 23:05:37","Parse SCM logs","1","org.metricminer.tasks.scm.ParseSCMLogTaskFactory","2012-08-09 23:04:40","FINISHED","2012-08-08 10:28:49","123"
"491","2012-08-09 23:05:40","Remove source code directory","2","org.metricminer.tasks.scm.RemoveSourceDirectoryTaskFactory","2012-08-09 23:05:40","FINISHED","2012-08-08 10:28:49","123"
"492","2012-08-09 23:06:12","Calculate all metrics","3","org.metricminer.tasks.metric.CalculateAllMetricsTaskFactory","2012-08-09 23:05:50","FINISHED","2012-08-08 10:28:49","123"
"493","2012-08-09 23:06:46","Clone SCM","0","org.metricminer.tasks.scm.SCMCloneTaskFactory","2012-08-09 23:06:20","FINISHED","2012-08-08 10:28:52","124"
"494","2012-08-09 23:06:50","Parse SCM logs","1","org.metricminer.tasks.scm.ParseSCMLogTaskFactory","2012-08-09 23:06:50","FINISHED","2012-08-08 10:28:52","124"
"495","2012-08-09 23:07:00","Remove source code directory","2","org.metricminer.tasks.scm.RemoveSourceDirectoryTaskFactory","2012-08-09 23:07:00","FINISHED","2012-08-08 10:28:52","124"
"496","2012-08-09 23:07:10","Calculate all metrics","3","org.metricminer.tasks.metric.CalculateAllMetricsTaskFactory","2012-08-09 23:07:10","FINISHED","2012-08-08 10:28:52","124"
"497","2012-08-09 23:07:40","Clone SCM","0","org.metricminer.tasks.scm.SCMCloneTaskFactory","2012-08-09 23:07:20","FINISHED","2012-08-08 10:28:55","125"
"498","2012-08-09 23:15:57","Parse SCM logs","1","org.metricminer.tasks.scm.ParseSCMLogTaskFactory","2012-08-09 23:07:50","FINISHED","2012-08-08 10:28:55","125"
"499","2012-08-09 23:16:00","Remove source code directory","2","org.metricminer.tasks.scm.RemoveSourceDirectoryTaskFactory","2012-08-09 23:16:00","FINISHED","2012-08-08 10:28:55","125"
"500","2012-08-09 23:18:29","Calculate all metrics","3","org.metricminer.tasks.metric.CalculateAllMetricsTaskFactory","2012-08-09 23:16:10","FINISHED","2012-08-08 10:28:55","125"
"501","2012-08-09 23:23:52","Clone SCM","0","org.metricminer.tasks.scm.SCMCloneTaskFactory","2012-08-09 23:18:30","FINISHED","2012-08-08 10:28:58","126"
"502","2012-08-09 23:24:50","Parse SCM logs","1","org.metricminer.tasks.scm.ParseSCMLogTaskFactory","2012-08-09 23:24:00","FINISHED","2012-08-08 10:28:58","126"
"503","2012-08-09 23:25:00","Remove source code directory","2","org.metricminer.tasks.scm.RemoveSourceDirectoryTaskFactory","2012-08-09 23:25:00","FINISHED","2012-08-08 10:28:58","126"
"504","2012-08-09 23:25:22","Calculate all metrics","3","org.metricminer.tasks.metric.CalculateAllMetricsTaskFactory","2012-08-09 23:25:10","FINISHED","2012-08-08 10:28:58","126"
"505","2012-08-09 23:26:42","Clone SCM","0","org.metricminer.tasks.scm.SCMCloneTaskFactory","2012-08-09 23:25:30","FINISHED","2012-08-08 10:29:00","127"
"506","2012-08-09 23:28:24","Parse SCM logs","1","org.metricminer.tasks.scm.ParseSCMLogTaskFactory","2012-08-09 23:26:50","FINISHED","2012-08-08 10:29:00","127"
"507","2012-08-09 23:28:30","Remove source code directory","2","org.metricminer.tasks.scm.RemoveSourceDirectoryTaskFactory","2012-08-09 23:28:30","FINISHED","2012-08-08 10:29:00","127"
"508","2012-08-09 23:29:20","Calculate all metrics","3","org.metricminer.tasks.metric.CalculateAllMetricsTaskFactory","2012-08-09 23:28:40","FINISHED","2012-08-08 10:29:00","127"
"509","2012-08-09 23:31:39","Clone SCM","0","org.metricminer.tasks.scm.SCMCloneTaskFactory","2012-08-09 23:29:30","FINISHED","2012-08-08 10:29:21","128"
"510","2012-08-10 00:01:15","Parse SCM logs","1","org.metricminer.tasks.scm.ParseSCMLogTaskFactory","2012-08-09 23:31:40","FINISHED","2012-08-08 10:29:21","128"
"511","2012-08-10 00:01:20","Remove source code directory","2","org.metricminer.tasks.scm.RemoveSourceDirectoryTaskFactory","2012-08-10 00:01:20","FINISHED","2012-08-08 10:29:21","128"
"512","2012-08-10 00:11:44","Calculate all metrics","3","org.metricminer.tasks.metric.CalculateAllMetricsTaskFactory","2012-08-10 00:01:30","FINISHED","2012-08-08 10:29:21","128"
"513","2012-08-10 00:12:25","Clone SCM","0","org.metricminer.tasks.scm.SCMCloneTaskFactory","2012-08-10 00:11:50","FINISHED","2012-08-08 10:29:33","129"
"514","2012-08-10 00:18:57","Parse SCM logs","1","org.metricminer.tasks.scm.ParseSCMLogTaskFactory","2012-08-10 00:12:30","FINISHED","2012-08-08 10:29:33","129"
"515","2012-08-10 00:19:00","Remove source code directory","2","org.metricminer.tasks.scm.RemoveSourceDirectoryTaskFactory","2012-08-10 00:19:00","FINISHED","2012-08-08 10:29:33","129"
"516","2012-08-10 00:20:52","Calculate all metrics","3","org.metricminer.tasks.metric.CalculateAllMetricsTaskFactory","2012-08-10 00:19:10","FINISHED","2012-08-08 10:29:33","129"
"517","2012-08-10 00:21:17","Clone SCM","0","org.metricminer.tasks.scm.SCMCloneTaskFactory","2012-08-10 00:21:00","FINISHED","2012-08-08 10:29:35","130"
"518","2012-08-10 00:22:25","Parse SCM logs","1","org.metricminer.tasks.scm.ParseSCMLogTaskFactory","2012-08-10 00:21:20","FINISHED","2012-08-08 10:29:35","130"
"519","2012-08-10 00:22:35","Remove source code directory","2","org.metricminer.tasks.scm.RemoveSourceDirectoryTaskFactory","2012-08-10 00:22:30","FINISHED","2012-08-08 10:29:35","130"
"520","2012-08-10 00:23:14","Calculate all metrics","3","org.metricminer.tasks.metric.CalculateAllMetricsTaskFactory","2012-08-10 00:22:40","FINISHED","2012-08-08 10:29:35","130"
"521","2012-08-10 00:23:42","Clone SCM","0","org.metricminer.tasks.scm.SCMCloneTaskFactory","2012-08-10 00:23:20","FINISHED","2012-08-08 10:29:37","131"
"522","2012-08-10 00:24:41","Parse SCM logs","1","org.metricminer.tasks.scm.ParseSCMLogTaskFactory","2012-08-10 00:23:50","FINISHED","2012-08-08 10:29:37","131"
"523","2012-08-10 00:24:50","Remove source code directory","2","org.metricminer.tasks.scm.RemoveSourceDirectoryTaskFactory","2012-08-10 00:24:50","FINISHED","2012-08-08 10:29:37","131"
"524","2012-08-10 00:25:19","Calculate all metrics","3","org.metricminer.tasks.metric.CalculateAllMetricsTaskFactory","2012-08-10 00:25:00","FINISHED","2012-08-08 10:29:37","131"
"525","2012-08-10 00:25:21","Clone SCM","0","org.metricminer.tasks.scm.SCMCloneTaskFactory","2012-08-10 00:25:20","FINISHED","2012-08-08 23:29:27","132"
"526","2012-08-10 00:25:30","Parse SCM logs","1","org.metricminer.tasks.scm.ParseSCMLogTaskFactory","2012-08-10 00:25:30","FINISHED","2012-08-08 23:29:27","132"
"527","2012-08-10 00:25:40","Remove source code directory","2","org.metricminer.tasks.scm.RemoveSourceDirectoryTaskFactory","2012-08-10 00:25:40","FINISHED","2012-08-08 23:29:27","132"
"528","2012-08-10 00:25:50","Calculate all metrics","3","org.metricminer.tasks.metric.CalculateAllMetricsTaskFactory","2012-08-10 00:25:50","FINISHED","2012-08-08 23:29:27","132"
